phase,time_s,displacement_m,displacement_mm,force_n,position_mm_raw,force_n_raw,velocity_m_s,cycle_energy_j
0,0,0.000245038533836,0.245038533836,31.7261446586,-1.58285735885,-31.7261446586,0.00242738808063,-6.95700683738e-05
0.002,0.001002,0.000244812071397,0.244812071397,31.7230257207,-1.58263089641,-31.7230257207,0.00242769641191,-7.67699991873e-05
0.004,0.002004,0.000242417390282,0.242417390282,31.6768193969,-1.5802362153,-31.6768193969,0.00241084832152,-0.000152680708244
0.006,0.003006,0.000240051852562,0.240051852562,31.6524958395,-1.57787067758,-31.6524958395,0.00238808509314,-0.000227582285863
0.008,0.004008,0.000237714550546,0.237714550546,31.5908065271,-1.57553337556,-31.5908065271,0.00236103016741,-0.000301490432029
0.01,0.00501,0.000235400995497,0.235400995497,31.4729424034,-1.57321982051,-31.4729424034,0.00233392756677,-0.000374441687365
0.012,0.006012,0.00023311006467,0.23311006467,31.4039710994,-1.57092888968,-31.4039710994,0.00230922643615,-0.000446464139603
0.014,0.007014,0.000230837217955,0.230837217955,31.3852520803,-1.56865604297,-31.3852520803,0.0022876754297,-0.000517815656056
0.016,0.008016,0.000228575182706,0.228575182706,31.4094947588,-1.56639400772,-31.4094947588,0.00227045680427,-0.000588834724507
0.018,0.009018,0.000226316591798,0.226316591798,31.3702864696,-1.56413541681,-31.3702864696,0.0022597099358,-0.000659732002485
0.02,0.01002,0.000224056667617,0.224056667617,31.2295729126,-1.56187549263,-31.2295729126,0.00225551000855,-0.000730470565456
0.022,0.011022,0.000221795444662,0.221795444662,31.1105134933,-1.55961426968,-31.1105134933,0.00225540570391,-0.00080095715335
0.024,0.012024,0.000219532453187,0.219532453187,31.0355333901,-1.5573512782,-31.0355333901,0.00225685321552,-0.000871276623418
0.026,0.013026,0.00021727112955,0.21727112955,31.01914505,-1.55508995456,-31.01914505,0.00225744656029,-0.000941437801748
0.028,0.014028,0.00021501749229,0.21501749229,30.993481652,-1.5528363173,-30.993481652,0.00225499984581,-0.00101131238225
0.03,0.01503,0.000212775389174,0.212775389174,30.9297532557,-1.55059421419,-30.9297532557,0.00224796813371,-0.00108073023875
0.032,0.016032,0.000210545412687,0.210545412687,30.8876318994,-1.5483642377,-30.8876318994,0.00223742631723,-0.001149656502
0.034,0.017034,0.000208325647375,0.208325647375,30.8448438597,-1.54614447239,-30.8448438597,0.00222607553132,-0.00121817378769
0.036,0.018036,0.00020611566133,0.20611566133,30.769260365,-1.54393448634,-30.769260365,0.00221544328082,-0.00128625801833
0.038,0.019038,0.000203916701337,0.203916701337,30.6685444191,-1.54173552635,-30.6685444191,0.00220518044678,-0.00135380774937
0.04,0.02004,0.000201731664796,0.201731664796,30.5845462088,-1.53955048981,-30.5845462088,0.00219367826943,-0.00142072885822
0.042,0.021042,0.000199563754509,0.199563754509,30.533519858,-1.53738257952,-30.533519858,0.00217968485262,-0.00148698093157
0.044,0.022044,0.000197412888055,0.197412888055,30.5273745654,-1.53523171307,-30.5273745654,0.00216357229528,-0.00155264885543
0.046,0.023046,0.000195276563987,0.195276563987,30.4874900196,-1.533095389,-30.4874900196,0.00214728879383,-0.00161782059999
0.048,0.024048,0.000193153182787,0.193153182787,30.3987093239,-1.5309720078,-30.3987093239,0.00213250984534,-0.00168246016719
0.05,0.02505,0.000191044206656,0.191044206656,30.2892452158,-1.52886303167,-30.2892452158,0.00211867696466,-0.0017464530638
0.052,0.026052,0.000188952212161,0.188952212161,30.2295059984,-1.52677103717,-30.2295059984,0.0021039629693,-0.0018097554254
0.054,0.027054,0.000186876692359,0.186876692359,30.2233105666,-1.52469551737,-30.2233105666,0.00208793542984,-0.00187249046198
0.056,0.028056,0.000184814950452,0.184814950452,30.2490082326,-1.52263377547,-30.2490082326,0.00207215203954,-0.00193482634674
0.058,0.029058,0.000182765947319,0.182765947319,30.2511850997,-1.52058477233,-30.2511850997,0.00205790962804,-0.00199680460171
0.06,0.03006,0.000180730253179,0.180730253179,30.1722596484,-1.51854907819,-30.1722596484,0.00204471530699,-0.00205830382845
0.062,0.031062,0.00017871008267,0.17871008267,30.0877146761,-1.51652890768,-30.0877146761,0.00203093795092,-0.00211917080444
0.064,0.032064,0.000176706577815,0.176706577815,30.0117479256,-1.51452540283,-30.0117479256,0.0020157625406,-0.00217937456782
0.066,0.033066,0.000174718509727,0.174718509727,29.9680890644,-1.51253733474,-29.9680890644,0.00199983940715,-0.00223899353842
0.068,0.034068,0.000172743415002,0.172743415002,29.9305465714,-1.51056224002,-29.9305465714,0.00198480662291,-0.0022981422798
0.07,0.03507,0.000170780224378,0.170780224378,29.8503657526,-1.50859904939,-29.8503657526,0.00197144578883,-0.00235681955568
0.072,0.036072,0.000168826693314,0.168826693314,29.7410101732,-1.50664551833,-29.7410101732,0.00195992048286,-0.00241502485481
0.074,0.037074,0.000166879897429,0.166879897429,29.6456171333,-1.50469872244,-29.6456171333,0.00195048910043,-0.00247283425967
0.076,0.038076,0.00016494111245,0.16494111245,29.5766892244,-1.50275993746,-29.5766892244,0.0019425127578,-0.00253024978478
0.078,0.039078,0.000163015418384,0.163015418384,29.5270440113,-1.5008342434,-29.5270440113,0.00193337302097,-0.00258716480731
0.08,0.04008,0.000161107413578,0.161107413578,29.4565719684,-1.49892623859,-29.4565719684,0.00192044184607,-0.00264344196577
0.082,0.041082,0.000159218525285,0.159218525285,29.3617758171,-1.4970373503,-29.3617758171,0.00190372987526,-0.00269899794992
0.084,0.042084,0.000157347700681,0.157347700681,29.3126953617,-1.49516652569,-29.3126953617,0.00188539294879,-0.00275388570388
0.086,0.043086,0.000155496423407,0.155496423407,29.3081035536,-1.49331524842,-29.3081035536,0.00186660602123,-0.00280814770313
0.088,0.044088,0.000153663716099,0.153663716099,29.2790923408,-1.49148254111,-29.2790923408,0.00184783313601,-0.00286183386519
0.09,0.04509,0.000151843992104,0.151843992104,29.2017607693,-1.48966281712,-29.2017607693,0.00183068600071,-0.00291504185331
0.092,0.046092,0.000150032472496,0.150032472496,29.1144739102,-1.48785129751,-29.1144739102,0.00181749823571,-0.00296785900505
0.094,0.047094,0.000148227824171,0.148227824171,29.048909603,-1.48604664918,-29.048909603,0.00180828618909,-0.0030203366951
0.096,0.048096,0.000146431839855,0.146431839855,29.0202135402,-1.48425066487,-29.0202135402,0.00180049312056,-0.00307247651282
0.098,0.049098,0.000144646587617,0.144646587617,29.0317669349,-1.48246541263,-29.0317669349,0.00179175982672,-0.00312428937072
0.1,0.0501,0.000142875068706,0.142875068706,29.0369481646,-1.48069389372,-29.0369481646,0.00178076448574,-0.00317572225057
0.102,0.051102,0.000141120492665,0.141120492665,28.9901403818,-1.47893931768,-28.9901403818,0.00176698936297,-0.00322663100746
0.104,0.052104,0.000139383045266,0.139383045266,28.908955605,-1.47720187028,-28.908955605,0.00175098089308,-0.00327693101788
0.106,0.053106,0.00013766069392,0.13766069392,28.8166552348,-1.47547951893,-28.8166552348,0.00173455194128,-0.00332664248162
0.108,0.054108,0.000135952849424,0.135952849424,28.732687429,-1.47377167444,-28.732687429,0.00171905717227,-0.00337578436074
0.11,0.05511,0.000134260731736,0.134260731736,28.675942748,-1.47207955675,-28.675942748,0.00170403738972,-0.00342435512828
0.112,0.056112,0.000132584591176,0.132584591176,28.645774203,-1.47040341619,-28.645774203,0.00168863029276,-0.00347239535911
0.114,0.057114,0.00013092370843,0.13092370843,28.6167773647,-1.46874253344,-28.6167773647,0.00167297539489,-0.00351994954185
0.116,0.058116,0.00012927209591,0.12927209591,28.6003178836,-1.46709092092,-28.6003178836,0.00165933101756,-0.00356719960142
0.118,0.059118,0.000127622074091,0.127622074091,28.5753022779,-1.4654408991,-28.5753022779,0.00165060060747,-0.00361436832418
0.12,0.06012,0.000125972588703,0.125972588703,28.5172870803,-1.46379141372,-28.5172870803,0.00164704137115,-0.00366145129972
0.122,0.061122,0.000124326544279,0.124326544279,28.4585326742,-1.46214536929,-28.4585326742,0.00164531997548,-0.00370833759229
0.124,0.062124,0.000122687776314,0.122687776314,28.3955193682,-1.46050660133,-28.3955193682,0.00164159988777,-0.00375491444173
0.126,0.063126,0.000121058817719,0.121058817719,28.3279238004,-1.45887764273,-28.3279238004,0.00163472036885,-0.0038011047786
0.128,0.064128,0.000119442266605,0.119442266605,28.2643726015,-1.45726109162,-28.2643726015,0.00162490540895,-0.00384683794012
0.13,0.06513,0.000117844754013,0.117844754013,28.2198282058,-1.45566357903,-28.2198282058,0.00161130619353,-0.00389194890419
0.132,0.066132,0.000116272773547,0.116272773547,28.1838562401,-1.45409159856,-28.1838562401,0.00159233177495,-0.00393627894134
0.134,0.067134,0.000114725437241,0.114725437241,28.1469696164,-1.45254426225,-28.1469696164,0.00156905162313,-0.00397986063341
0.136,0.068136,0.00011319681352,0.11319681352,28.1232964755,-1.45101563853,-28.1232964755,0.00154597262795,-0.00402287118677
0.138,0.069138,0.000111682538576,0.111682538576,28.1080478719,-1.44950136359,-28.1080478719,0.00152684015535,-0.00406545096591
0.14,0.07014,0.000110180991881,0.110180991881,28.0785052755,-1.44799981689,-28.0785052755,0.00151170639372,-0.00410764008167
0.142,0.071142,0.000108692629038,0.108692629038,28.0028462742,-1.44651145405,-28.0028462742,0.00149838394499,-0.00414937910627
0.144,0.072144,0.000107217717269,0.107217717269,27.962489672,-1.44503654228,-27.962489672,0.00148528182895,-0.00419065481601
0.146,0.073146,0.000105754935267,0.105754935267,27.9644263162,-1.44357376028,-27.9644263162,0.00147233375268,-0.00423156432299
0.148,0.074148,0.00010430177544,0.10430177544,27.9285821007,-1.44212060045,-27.9285821007,0.00146058729334,-0.00427218152066
0.15,0.07515,0.000102856857189,0.102856857189,27.8550643794,-1.4406756822,-27.8550643794,0.00145065172356,-0.00431248852519
0.152,0.076152,0.000101419655726,0.101419655726,27.812534927,-1.43923848074,-27.812534927,0.00144217285206,-0.00435249421775
0.154,0.077154,9.99907516286e-05,0.0999907516286,27.814556819,-1.43780957664,-27.814556819,0.00143414085049,-0.00439223754605
0.156,0.078156,9.85715066145e-05,0.0985715066145,27.8212331771,-1.43639033163,-27.8212331771,0.0014256242125,-0.00443171580084
0.158,0.079158,9.71635658717e-05,0.0971635658717,27.7996415729,-1.43498239089,-27.7996415729,0.00141589612992,-0.00447086738331
0.16,0.08016,9.57677562329e-05,0.0957677562329,27.760838568,-1.43358658125,-27.760838568,0.00140485620906,-0.00450963965929
0.162,0.081162,9.43832619176e-05,0.0943832619176,27.7351603917,-1.43220208693,-27.7351603917,0.00139324033332,-0.00454805353768
0.164,0.082164,9.30066542818e-05,0.0930066542818,27.723014047,-1.4308254793,-27.723014047,0.00138273384495,-0.00458622275725
0.166,0.083166,9.16375139829e-05,0.0916375139829,27.7068622716,-1.429456339,-27.7068622716,0.00137396754708,-0.00462416565225
0.168,0.084168,9.02766067017e-05,0.0902766067017,27.6635688903,-1.42809543172,-27.6635688903,0.00136616025591,-0.00466184105825
0.17,0.08517,8.89220443129e-05,0.0889220443129,27.6051660926,-1.42674086933,-27.6051660926,0.00135873843878,-0.00469927439188
0.172,0.086172,8.75716757465e-05,0.0875716757465,27.5513676833,-1.42539050076,-27.5513676833,0.00135248957184,-0.0047365177558
0.174,0.087174,8.62257344176e-05,0.0862257344176,27.5014292864,-1.42404455943,-27.5014292864,0.00134759343785,-0.00477356899779
0.176,0.088176,8.48868214461e-05,0.0848868214461,27.4644941764,-1.42270564646,-27.4644941764,0.00134246379877,-0.00481036792549
0.178,0.089178,8.35584574509e-05,0.0835584574509,27.4400858838,-1.42137728246,-27.4400858838,0.0013351673477,-0.00484683667389
0.18,0.09018,8.22433513839e-05,0.0822433513839,27.4296573809,-1.4200621764,-27.4296573809,0.00132487470344,-0.00488291744634
0.182,0.091182,8.09414901052e-05,0.0809414901052,27.3982704196,-1.41876031512,-27.3982704196,0.00131245381257,-0.00491860399187
0.184,0.092184,7.96494586635e-05,0.0796494586635,27.3579483183,-1.41746828368,-27.3579483183,0.00130025642867,-0.00495397164085
0.186,0.093186,7.8361507971e-05,0.078361507971,27.3106437549,-1.41618033298,-27.3106437549,0.00129115494265,-0.00498917059961
0.188,0.094188,7.70756643001e-05,0.0770756643001,27.2814542938,-1.41489448931,-27.2814542938,0.00128596275587,-0.0050242637875
0.19,0.09519,7.57925970314e-05,0.0757925970314,27.2579006733,-1.41361142204,-27.2579006733,0.00128307121231,-0.00505924866603
0.192,0.096192,7.45125899078e-05,0.0745125899078,27.2161222623,-1.41233141492,-27.2161222623,0.00128041454708,-0.00509410871857
0.194,0.097194,7.32365878141e-05,0.0732365878141,27.1841616354,-1.41105541283,-27.1841616354,0.00127716133003,-0.00512881084834
0.196,0.098196,7.1964629732e-05,0.071964629732,27.1536059272,-1.40978345475,-27.1536059272,0.00127343401298,-0.00516336247817
0.198,0.099198,7.06989268164e-05,0.0706989268164,27.125029988,-1.40851775183,-27.125029988,0.00126874604893,-0.00519770888165
0.2,0.1002,6.94431386969e-05,0.0694431386969,27.0808194297,-1.40726196371,-27.0808194297,0.00126206325182,-0.00523174250305
0.202,0.101202,6.81989486965e-05,0.0681989486965,27.0630164419,-1.40601777371,-27.0630164419,0.0012527526329,-0.00526542320664
0.204,0.102204,6.69673306031e-05,0.0669673306031,27.0637331627,-1.40478615562,-27.0637331627,0.00124138661029,-0.00529875283851
0.206,0.103206,6.57498565016e-05,0.0657498565016,27.0440454539,-1.40356868152,-27.0440454539,0.00122865774923,-0.00533168889469
0.208,0.104208,6.45454261369e-05,0.0645454261369,27.0285292003,-1.40236425115,-27.0285292003,0.00121534021711,-0.00536425168316
0.21,0.10521,6.33515048195e-05,0.0633515048195,27.0279329093,-1.40117032983,-27.0279329093,0.00120275558987,-0.00539652003868
0.212,0.106212,6.21643521877e-05,0.0621643521877,27.0315905428,-1.3999831772,-27.0315905428,0.00119263546595,-0.00542860625355
0.214,0.107214,6.09814592994e-05,0.0609814592994,26.9968622178,-1.39880028431,-26.9968622178,0.0011855197618,-0.00546055996911
0.216,0.108216,5.98026818328e-05,0.0598026818328,26.9820201377,-1.39762150685,-26.9820201377,0.00118056483602,-0.0054923752746
0.218,0.109218,5.86278907409e-05,0.0586278907409,26.9984541934,-1.39644671575,-26.9984541934,0.00117645339277,-0.00552408439898
0.22,0.11022,5.74576437781e-05,0.0574576437781,27.0170135464,-1.39527646879,-27.0170135464,0.00117226917287,-0.0055556908746
0.222,0.111222,5.62930008912e-05,0.0562930008912,26.9838744857,-1.3941118259,-26.9838744857,0.0011675819628,-0.00558713651247
0.224,0.112224,5.51336917742e-05,0.0551336917742,26.8980856735,-1.39295251679,-26.8980856735,0.00116238574928,-0.00561836786043
0.226,0.113226,5.39797079762e-05,0.0539797079762,26.8383145203,-1.39179853299,-26.8383145203,0.00115698463301,-0.00564936980601
0.228,0.114228,5.28307204439e-05,0.0528307204439,26.8114351002,-1.39064954546,-26.8114351002,0.00115176625332,-0.00568018658467
0.23,0.11523,5.16887441525e-05,0.0516887441525,26.7793064133,-1.38950756917,-26.7793064133,0.00114607723619,-0.005710783281
0.232,0.116232,5.05549382379e-05,0.0505549382379,26.7369760634,-1.38837376325,-26.7369760634,0.00113933180065,-0.00574112105618
0.234,0.117234,4.94274991451e-05,0.0494274991451,26.6968268245,-1.38724632416,-26.6968268245,0.00113206398324,-0.00577124365367
0.236,0.118236,4.83035379359e-05,0.0483035379359,26.6875575285,-1.38612236295,-26.6875575285,0.00112604003527,-0.005801247806
0.238,0.119238,4.71817907288e-05,0.0471817907288,26.6697045078,-1.38500061574,-26.6697045078,0.00112208857719,-0.00583117839895
0.24,0.12024,4.6064700282e-05,0.046064700282,26.6264499417,-1.3838835253,-26.6264499417,0.00111876974588,-0.00586094893324
0.242,0.121242,4.49557638593e-05,0.0449557638593,26.5732627197,-1.38277458887,-26.5732627197,0.00111379966596,-0.00589044713931
0.244,0.122244,4.38541258325e-05,0.0438541258325,26.5395871247,-1.38167295085,-26.5395871247,0.00110695945665,-0.0059197033253
0.246,0.123246,4.27548215946e-05,0.0427548215946,26.5429939889,-1.38057364661,-26.5429939889,0.00110091087101,-0.00594888138755
0.248,0.124248,4.16541640636e-05,0.0416541640636,26.5682528386,-1.37947298908,-26.5682528386,0.00109821071489,-0.00597811120713
0.25,0.12525,4.05516068178e-05,0.0405516068178,26.5780724982,-1.37837043183,-26.5780724982,0.00109862798769,-0.00600741026112
0.252,0.126252,3.94486568529e-05,0.0394486568529,26.5472289916,-1.37726748187,-26.5472289916,0.00109990906973,-0.00603670726737
0.254,0.127254,3.83483641336e-05,0.0383483641336,26.4737025456,-1.37616718915,-26.4737025456,0.00109983428101,-0.00606587602066
0.256,0.128256,3.72560338792e-05,0.0372560338792,26.4084237824,-1.37507485889,-26.4084237824,0.00109649796065,-0.00609475878449
0.258,0.129258,3.61762615553e-05,0.0361762615553,26.3837975702,-1.37399508657,-26.3837975702,0.00108875097389,-0.0061232635166
0.26,0.13026,3.51082603517e-05,0.0351082603517,26.3956087298,-1.37292708537,-26.3956087298,0.00107782165455,-0.00615145423572
0.262,0.131262,3.40486635509e-05,0.0340486635509,26.4240231093,-1.37186748856,-26.4240231093,0.00106685020777,-0.00617944612708
0.264,0.132264,3.29961583277e-05,0.0329961583277,26.4211768517,-1.37081498334,-26.4211768517,0.00105785467759,-0.00620726157345
0.266,0.133266,3.19509944549e-05,0.0319509944549,26.399874156,-1.36976981947,-26.399874156,0.00105031163906,-0.00623486732765
0.268,0.134268,3.09142591725e-05,0.0309142591725,26.3660515542,-1.36873308419,-26.3660515542,0.00104273296832,-0.00626222154362
0.27,0.13527,2.9885513468e-05,0.029885513468,26.3463085769,-1.36770433848,-26.3463085769,0.00103477632462,-0.00628933715282
0.272,0.136272,2.88603586751e-05,0.0288603586751,26.3111733252,-1.36667918369,-26.3111733252,0.00102799193528,-0.00631632732592
0.274,0.137274,2.78344443182e-05,0.0278344443182,26.2530645373,-1.36565326933,-26.2530645373,0.00102440492659,-0.00634328766072
0.276,0.138276,2.68091908917e-05,0.0268091908917,26.1968944835,-1.36462801591,-26.1968944835,0.00102344244768,-0.00637017239561
0.278,0.139278,2.57922525237e-05,0.0257922525237,26.1589336901,-1.36361107754,-26.1589336901,0.00102090872392,-0.00639679117256
0.28,0.14028,2.47889971569e-05,0.0247889971569,26.1458657059,-1.36260782217,-26.1458657059,0.00101327663024,-0.00642302625852
0.282,0.141282,2.37966895476e-05,0.0237966895476,26.1427195854,-1.36161551456,-26.1427195854,0.00100203862848,-0.00644896765789
0.284,0.142284,2.28108867447e-05,0.0228108867447,26.1343749186,-1.36062971176,-26.1343749186,0.000991632146107,-0.00647473375384
0.286,0.143286,2.18310997416e-05,0.0218310997416,26.1148690027,-1.35964992476,-26.1148690027,0.000983965236538,-0.00650032902748
0.288,0.144288,2.08569795163e-05,0.0208569795163,26.1054836103,-1.35867580453,-26.1054836103,0.000977920631762,-0.00652576161023
0.29,0.14529,1.9886903638e-05,0.019886903638,26.1029839677,-1.35770572865,-26.1029839677,0.000972648139805,-0.00655108266244
0.292,0.146292,1.89221692668e-05,0.0189221692668,26.1139896596,-1.35674099428,-26.1139896596,0.000967740090994,-0.0065762701594
0.294,0.147294,1.79688410754e-05,0.0179688410754,26.1024696538,-1.35578766609,-26.1024696538,0.000960975405957,-0.00660116200572
0.296,0.148296,1.70291451914e-05,0.0170291451914,26.079754727,-1.3548479702,-26.079754727,0.000950727968465,-0.00662568304406
0.298,0.149298,1.60984128634e-05,0.0160984128634,26.0613422569,-1.35391723788,-26.0613422569,0.000939185809518,-0.00664995026799
0.3,0.1503,1.51732059118e-05,0.0151732059118,26.0341920361,-1.35299203093,-26.0341920361,0.000929882995236,-0.00667405031899
0.302,0.151302,1.42540529149e-05,0.0142540529149,25.9920835129,-1.35207287793,-25.9920835129,0.000923187337164,-0.00669795961636
0.304,0.152304,1.33393174087e-05,0.0133393174087,25.9674174642,-1.35115814242,-25.9674174642,0.000917793608271,-0.00672172336298
0.306,0.153306,1.24233519968e-05,0.0124233519968,25.9714535405,-1.35024217701,-25.9714535405,0.000914592523543,-0.00674550944175
0.308,0.154308,1.15009626789e-05,0.0115009626789,25.9742878281,-1.34931978769,-25.9742878281,0.000915698641723,-0.0067694645027
0.31,0.15531,1.05732913362e-05,0.0105732913362,25.9366370728,-1.34839211635,-25.9366370728,0.000920222399215,-0.00679353980707
0.312,0.156312,9.64605691217e-06,0.00964605691217,25.9008351037,-1.34746488193,-25.9008351037,0.000924117738314,-0.0068175704856
0.314,0.157314,8.7244175594e-06,0.0087244175594,25.8828390276,-1.34654324257,-25.8828390276,0.000923835027947,-0.00684143175629
0.316,0.158316,7.81223911125e-06,0.00781223911125,25.8753680157,-1.34563106412,-25.8753680157,0.000918625341227,-0.00686503589811
0.318,0.159318,6.91040289025e-06,0.00691040289025,25.8878785786,-1.3447292279,-25.8878785786,0.000910068539549,-0.00688837391478
0.32,0.16032,6.01555838167e-06,0.00601555838167,25.8991773803,-1.3438343834,-25.8991773803,0.000901014163207,-0.00691153980467
0.322,0.161322,5.12224544584e-06,0.00512224544584,25.8849335326,-1.34294107046,-25.8849335326,0.000894678045065,-0.00693466339728
0.324,0.162324,4.22740830987e-06,0.00422740830987,25.8293405114,-1.34204623332,-25.8293405114,0.000892442552198,-0.00695779641078
0.326,0.163326,3.33525871418e-06,0.00333525871418,25.7672955919,-1.34115408373,-25.7672955919,0.000891791538288,-0.00698081050945
0.328,0.164328,2.46101086679e-06,0.00246101086679,25.6786156331,-1.34027983588,-25.6786156331,0.000885797605296,-0.00700329980528
0.33,0.16533,1.63525902252e-06,0.00163525902252,25.5399697197,-1.33945408404,-25.5399697197,0.000863277540545,-0.00702445048231
0.332,0.166332,9.05937527355e-07,0.000905937527355,25.3392919704,-1.33872476254,-25.3392919704,0.000809595553809,-0.00704301077443
0.334,0.167334,3.37720693085e-07,0.000337720693085,25.0943085545,-1.33815654571,-25.0943085545,0.000708208772525,-0.00705735065064
0.336,0.168336,1.05271984989e-08,1.05271984989e-05,24.8599423742,-1.33782935221,-24.8599423742,0.000542680717121,-0.00706553787332
0.338,0.169338,0,0,24.7607031543,-1.33781882501,-24.7607031543,0.000303208398333,-0.00706580482887
0.34,0.17034,3.43721877559e-07,0.000343721877559,24.797127852,-1.33816254689,-24.797127852,-1.61088130251e-06,-0.0070572868933
0.342,0.171342,1.06507515369e-06,0.00106507515369,24.669868416,-1.33888390017,-24.669868416,-0.000350995432386,-0.00703946375217
0.344,0.172344,2.26504010983e-06,0.00226504010983,24.1803068385,-1.34008386512,-24.1803068385,-0.00075121483135,-0.0070102294593
0.346,0.173346,4.17324585548e-06,0.00417324585548,23.4306321166,-1.34199207087,-23.4306321166,-0.00126773291377,-0.00696495924841
0.348,0.174348,7.11483984466e-06,0.00711483984466,22.6836341535,-1.34493366486,-22.6836341535,-0.00200382801262,-0.00689734204883
0.35,0.17535,1.14497408717e-05,0.0114497408717,22.0391010006,-1.34926856589,-22.0391010006,-0.00304645762162,-0.00680064179982
0.352,0.176352,1.75412221465e-05,0.0175412221465,21.4436688208,-1.35536004716,-21.4436688208,-0.00443896033187,-0.00666847407422
0.354,0.177354,2.57530622871e-05,0.0257530622871,20.8940780424,-1.3635718873,-20.8940780424,-0.00619316829191,-0.0064949290624
0.356,0.178356,3.64395333363e-05,0.0364395333363,20.4512106498,-1.37425835835,-20.4512106498,-0.00830742983852,-0.00627427145436
0.358,0.179358,4.99448785934e-05,0.0499448785934,20.1770370183,-1.38776370361,-20.1770370183,-0.0107750774577,-0.00600009112162
0.36,0.18036,6.66179114625e-05,0.0666179114625,20.0906924431,-1.40443673648,-20.0906924431,-0.013590635714,-0.00566444299213
0.362,0.181362,8.68109309814e-05,0.0868109309814,20.1830602272,-1.42462975599,-20.1830602272,-0.016754000505,-0.00525770998149
0.364,0.182364,0.000110866183096,0.110866183096,20.4777537574,-1.44868500811,-20.4777537574,-0.0202649126014,-0.00476834965615
0.366,0.183366,0.000139113278653,0.139113278653,20.9784612816,-1.47693210367,-20.9784612816,-0.0241165890624,-0.00418229667555
0.368,0.184368,0.000171879538598,0.171879538598,21.6965244778,-1.50969836361,-21.6965244778,-0.0283002897966,-0.00348232266177
0.37,0.18537,0.000209497940318,0.209497940318,22.6558416111,-1.54731676533,-22.6558416111,-0.0328130377814,-0.0026469139459
0.372,0.186372,0.000252305160658,0.252305160658,23.9356496517,-1.59012398567,-23.9356496517,-0.0376575291366,-0.00164801199224
0.374,0.187374,0.000300628818748,0.300628818748,25.6184772645,-1.63844764376,-25.6184772645,-0.0428342117957,-0.000448370779578
0.376,0.188376,0.000354776746134,0.354776746134,27.7246822172,-1.69259557115,-27.7246822172,-0.0483346195958,0.000998884074281
0.378,0.189378,0.000415035122868,0.415035122868,30.2716202409,-1.75285394788,-30.2716202409,-0.0541416343756,0.00275011599285
0.38,0.19038,0.000481674916508,0.481674916508,33.3056940814,-1.81949374152,-33.3056940814,-0.0602361323307,0.00487328557292
0.382,0.191382,0.00055495812124,0.55495812124,36.8619697735,-1.89277694625,-36.8619697735,-0.0666028887915,0.00745016660832
0.384,0.192384,0.000635149809299,0.635149809299,41.004417975,-1.97296863431,-41.004417975,-0.0732347088801,0.0105793609964
0.386,0.193386,0.000722524568599,0.722524568599,45.8034596516,-2.06034339361,-45.8034596516,-0.0801330120837,0.0143802802411
0.388,0.194388,0.000817346559202,0.817346559202,51.2958317317,-2.15516538422,-51.2958317317,-0.0872994019439,0.0189939431134
0.39,0.19539,0.000919851339274,0.919851339274,57.5696809013,-2.25767016429,-57.5696809013,-0.0947239481041,0.0245854227868
0.392,0.196392,0.00103024401267,1.03024401267,64.6720813306,-2.36806283768,-64.6720813306,-0.102382950477,0.031346490521
0.394,0.197394,0.00114871119842,1.14871119842,72.6552183158,-2.48653002343,-72.6552183158,-0.110250154953,0.0394967393556
0.396,0.198396,0.00127542633703,1.27542633703,81.6272319773,-2.61324516204,-81.6272319773,-0.118305146518,0.0492899155331
0.398,0.199398,0.00141053923129,1.41053923129,91.7291927698,-2.74835805631,-91.7291927698,-0.126530060975,0.0610221282488
0.4,0.2004,0.00155415859435,1.55415859435,103.097457039,-2.89197741937,-103.097457039,-0.134899180074,0.0750362898656
0.402,0.201402,0.00170632303818,1.70632303818,115.807878254,-3.0441418632,-115.807878254,-0.143367982654,0.0917176047518
0.404,0.202404,0.00186700755767,1.86700755767,129.801679739,-3.20482638269,-129.801679739,-0.151877073445,0.111479493325
0.406,0.203406,0.00203616643197,2.03616643197,145.026734981,-3.37398525698,-145.026734981,-0.160373896627,0.134755819109
0.408,0.204408,0.00221374558438,2.21374558438,161.511706525,-3.55156440939,-161.511706525,-0.168828735787,0.162007121878
0.41,0.20541,0.00239966061242,2.39966061242,179.414967176,-3.73747943744,-179.414967176,-0.177222994213,0.193735210447
0.412,0.206412,0.00259378744762,2.59378744762,198.89084798,-3.93160627264,-198.89084798,-0.185530134053,0.230493824376
0.414,0.207414,0.00279597451822,2.79597451822,219.97182502,-4.13379334323,-219.97182502,-0.19371698873,0.272879535222
0.416,0.208416,0.00300603901092,3.00603901092,242.648436408,-4.34385783593,-242.648436408,-0.201751372276,0.321512995109
0.418,0.209418,0.00322373541986,3.22373541986,266.720850234,-4.56155424487,-266.720850234,-0.209593787522,0.377001346621
0.42,0.21042,0.00344874662946,3.44874662946,291.792154087,-4.78656545448,-291.792154087,-0.217188338037,0.439881344946
0.422,0.211422,0.00368072314359,3.68072314359,317.360569093,-5.01854196861,-317.360569093,-0.224477967741,0.510578827979
0.424,0.212424,0.0039193293222,3.9193293222,343.140875402,-5.25714814721,-343.140875402,-0.231432566335,0.589420007049
0.426,0.213426,0.00416424857788,4.16424857788,369.164876357,-5.50206740289,-369.164876357,-0.238053787081,0.67668849358
0.428,0.214428,0.004415166721,4.415166721,395.51084894,-5.75298554602,-395.51084894,-0.244354109639,0.772662285188
0.43,0.21543,0.00467177475638,4.67177475638,422.073009073,-6.00959358139,-422.073009073,-0.250341715763,0.877598301179
0.432,0.216432,0.00493379601491,4.93379601491,448.734739155,-6.27161483992,-448.734739155,-0.256029090316,0.991718633813
0.434,0.217434,0.00520100206328,5.20100206328,475.422575101,-6.5388208883,-475.422575101,-0.261445206632,1.11522287553
0.436,0.218436,0.00547321979812,5.47321979812,502.245220725,-6.81103862313,-502.245220725,-0.266635607894,1.24832543228
0.438,0.219438,0.00575031365436,5.75031365436,529.392202134,-7.08813247937,-529.392202134,-0.271648068486,1.39128849029
0.44,0.22044,0.00603214420569,6.03214420569,556.628011743,-7.3699630307,-556.628011743,-0.276512929487,1.54435735361
0.442,0.221442,0.00631854785039,6.31854785039,583.66107902,-7.65636667541,-583.66107902,-0.281232541273,1.70767943198
0.444,0.222444,0.00660932967142,6.60932967142,610.695864921,-7.94714849643,-610.695864921,-0.285786667244,1.88135724174
0.446,0.223446,0.00690425957793,6.90425957793,638.032953901,-8.24207840295,-638.032953901,-0.290145017417,2.06552877192
0.448,0.224448,0.00720306440892,7.20306440892,665.747801787,-8.54088323394,-665.747801787,-0.294271265118,2.26034290006
0.45,0.22545,0.00750544382131,7.50544382131,693.729754258,-8.84326264633,-693.729754258,-0.298129540479,2.46590624611
0.452,0.226452,0.007811098084,7.811098084,722.058431536,-9.14891690902,-722.058431536,-0.301696319641,2.68229959294
0.454,0.227454,0.00811970612747,8.11970612747,750.93982427,-9.45752495248,-750.93982427,-0.304957380905,2.90960959675
0.456,0.228456,0.00843089500476,8.43089500476,780.359681526,-9.76871382977,-780.359681526,-0.307888796866,3.14788916713
0.458,0.229458,0.00874423624532,8.74423624532,809.982097576,-10.0820550703,-809.982097576,-0.310446766634,3.39706373308
0.46,0.23046,0.00905927232095,9.05927232095,839.545268355,-10.397091146,-839.545268355,-0.312584895455,3.65690537039
0.462,0.231462,0.00937556772231,9.37556772231,869.247074382,-10.7133865473,-869.247074382,-0.314281634263,3.92715526715
0.464,0.232464,0.00969274266376,9.69274266376,899.35899965,-11.0305614888,-899.35899965,-0.315553893006,4.20763981115
0.466,0.233466,0.0100104525457,10.0104525457,929.984289819,-11.3482713707,-929.984289819,-0.316441119286,4.49824329605
0.468,0.234468,0.0103283079131,10.3283079131,961.094254773,-11.6661267381,-961.094254773,-0.316960533269,4.79878788756
0.47,0.23547,0.0106458361453,10.6458361453,992.7066147,-11.9836549703,-992.7066147,-0.317079667674,5.10897721728
0.472,0.236472,0.010962559145,10.962559145,1024.76872335,-12.30037797,-1024.76872335,-0.316750175897,5.4284598676
0.474,0.237474,0.0112780571609,11.2780571609,1057.13697939,-12.6158759859,-1057.13697939,-0.315962640281,5.75686745122
0.476,0.238476,0.0115919534813,11.5919534813,1089.75179344,-12.9297723063,-1089.75179344,-0.314751765781,6.09380364386
0.478,0.239478,0.0119038605989,11.9038605989,1122.80351702,-13.2416794239,-1122.80351702,-0.313148912176,6.43884177759
0.48,0.24048,0.0122133475585,12.2133475585,1156.4092306,-13.5511663835,-1156.4092306,-0.31114951287,6.79151327237
0.482,0.241482,0.0125199788292,12.5199788292,1190.436243,-13.8577976543,-1190.436243,-0.308731545908,7.15129570265
0.484,0.242484,0.0128233263731,12.8233263731,1224.87356445,-14.1611451981,-1224.87356445,-0.305882504339,7.51760506151
0.486,0.243486,0.0131229510163,13.1229510163,1259.7784319,-14.4607698413,-1259.7784319,-0.302600721138,7.88980246684
0.488,0.244488,0.013418408668,13.418408668,1295.22686169,-14.7562274931,-1295.22686169,-0.298882467155,8.26721178698
0.49,0.24549,0.013709206192,13.709206192,1331.44450333,-15.0470250171,-1331.44450333,-0.294707752053,8.64908212974
0.492,0.246492,0.0139947449923,13.9947449923,1368.52588801,-15.3325638173,-1368.52588801,-0.290023836694,9.03450372299
0.494,0.247494,0.0142743575397,14.2743575397,1406.18479924,-15.6121763648,-1406.18479924,-0.28475316709,9.42236699951
0.496,0.248496,0.0145473853773,14.5473853773,1444.01837837,-15.8852042023,-1444.01837837,-0.278839466843,9.81139444885
0.498,0.249498,0.0148132115306,14.8132115306,1481.81646262,-16.1510303557,-1481.81646262,-0.272278351725,10.2002056353
0.5,0.2505,0.0150712398373,15.0712398373,1519.55563128,-16.4090586623,-1519.55563128,-0.265095409658,10.5873490546
0.502,0.251502,0.0153208503742,15.3208503742,1557.18313987,-16.6586691992,-1557.18313987,-0.257304193472,10.9712603929
0.504,0.252504,0.0155613890769,15.5613890769,1594.41634715,-16.8992079019,-1594.41634715,-0.248891114544,11.3502140659
0.506,0.253506,0.0157922267305,15.7922267305,1630.8150463,-17.1300455556,-1630.8150463,-0.239842860271,11.7223759343
0.508,0.254508,0.0160128514206,16.0128514206,1666.17753332,-17.3506702456,-1666.17753332,-0.230194423009,12.0859831145
0.51,0.25551,0.0162228867691,16.2228867691,1700.61269169,-17.5607055941,-1700.61269169,-0.220040882608,12.4394634013
0.512,0.256512,0.0164220116636,16.4220116636,1734.06227757,-17.7598304886,-1734.06227757,-0.20948805257,12.7813358386
0.514,0.257514,0.0166099088051,16.6099088051,1766.27743403,-17.9477276301,-1766.27743403,-0.198599511822,13.1100964268
0.516,0.258516,0.0167862810275,16.7862810275,1797.18105938,-18.1240998525,-1797.18105938,-0.187399209386,13.4242542048
0.518,0.259518,0.0169508621528,16.9508621528,1826.70692709,-18.2886809778,-1826.70692709,-0.175905639156,13.7223783662
0.52,0.26052,0.0171033829914,17.1033829914,1854.58159553,-18.4412018164,-1854.58159553,-0.164136315592,14.0030302872
0.522,0.261522,0.0172435263432,17.2435263432,1880.53791137,-18.5813451682,-1880.53791137,-0.152084848366,14.2646752698
0.524,0.262524,0.0173709478319,17.3709478319,1904.38664619,-18.7087666569,-1904.38664619,-0.139722927721,14.5057390837
0.526,0.263526,0.0174853575472,17.4853575472,1925.82365979,-18.8231763722,-1925.82365979,-0.127041702752,14.7247756013
0.528,0.264528,0.0175865483855,17.5865483855,1944.65297538,-18.9243672105,-1944.65297538,-0.11407977902,14.9205415695
0.53,0.26553,0.0176743585997,17.6743585997,1960.83990982,-19.0121774247,-1960.83990982,-0.100900189428,15.0919583711
0.532,0.266532,0.0177486833462,17.7486833462,1974.33929383,-19.0865021712,-1974.33929383,-0.0875627910044,15.2381534553
0.534,0.267534,0.0178095285818,17.8095285818,1985.04691786,-19.1473474068,-1985.04691786,-0.074137077544,15.3585723697
0.536,0.268536,0.0178570121801,17.8570121801,1992.88664001,-19.1948310051,-1992.88664001,-0.0607179635845,15.4529895623
0.538,0.269538,0.0178913180466,17.8913180466,1997.84227876,-19.2291368716,-1997.84227876,-0.0474030781793,15.5214258958
0.54,0.27054,0.0179126857191,17.9126857191,1999.87149341,-19.2505045442,-1999.87149341,-0.0342688325354,15.5641300392
0.542,0.271542,0.0179214473951,17.9214473951,1998.87897738,-19.2592662201,-1998.87897738,-0.0213849170371,15.5816505926
0.544,0.272544,0.0179180528618,17.9180528618,1994.96925128,-19.2558716868,-1994.96925128,-0.00884028283953,15.5748831358
0.546,0.273546,0.0179030290531,17.9030290531,1988.46384957,-19.2408478781,-1988.46384957,0.0032672339577,15.5449779247
0.548,0.274548,0.0178769010957,17.8769010957,1979.63925369,-19.2147199207,-1979.63925369,0.0148722840184,15.4931620702
0.55,0.27555,0.0178401450444,17.8401450444,1968.58095283,-19.1779638694,-1968.58095283,0.025967406052,15.4206296463
0.552,0.276552,0.0177931814521,17.7931814521,1955.32711878,-19.1310002771,-1955.32711878,0.0365894910103,15.3285216064
0.554,0.277554,0.0177364138187,17.7364138187,1939.96188255,-19.0742326437,-1939.96188255,0.0467804973571,15.2179944297
0.556,0.278556,0.0176702745335,17.6702745335,1922.71157186,-19.0080933586,-1922.71157186,0.056555101785,15.0902957299
0.558,0.279558,0.0175952287867,17.5952287867,1903.68901781,-18.9330476117,-1903.68901781,0.0658969262685,14.9467583974
0.56,0.28056,0.0175117619717,17.5117619717,1882.96324391,-18.8495807967,-1882.96324391,0.0747781564426,14.7887697913
0.562,0.281562,0.0174203806078,17.4203806078,1860.79498616,-18.7581994328,-1860.79498616,0.0831746153715,14.6177562882
0.564,0.282564,0.0173216069525,17.3216069525,1837.41106671,-18.6594257775,-1837.41106671,0.09106711655,14.4351542109
0.566,0.283566,0.0172159649164,17.2159649164,1812.98360205,-18.5537837414,-1812.98360205,0.0984425684016,14.2423758861
0.568,0.284568,0.0171039724535,17.1039724535,1787.77778173,-18.4417912785,-1787.77778173,0.105297423822,14.0407841118
0.57,0.28557,0.0169861581911,16.9861581911,1761.99112751,-18.3239770161,-1761.99112751,0.111630382735,13.8317121091
0.572,0.286572,0.0168630730278,16.8630730278,1735.76171463,-18.2008918529,-1735.76171463,0.117432266869,13.6164830447
0.574,0.287574,0.016735241417,16.735241417,1709.25640019,-18.073060242,-1709.25640019,0.122698891345,13.3963206942
0.576,0.288576,0.0166031032959,16.6031032959,1682.64430854,-17.9409221209,-1682.64430854,0.127459572276,13.17224727
0.578,0.289578,0.0164670028294,16.4670028294,1655.99055142,-17.8048216544,-1655.99055142,0.131784813368,12.9450766593
0.58,0.29058,0.0163272174193,16.3272174193,1629.33300784,-17.6650362443,-1629.33300784,0.13575817476,12.7154790725
0.582,0.291582,0.0161839947328,16.1839947328,1602.74443014,-17.5218135578,-1602.74443014,0.139443805814,12.4840465722
0.584,0.292584,0.0160375653801,16.0375653801,1576.34453667,-17.3753842052,-1576.34453667,0.142878566878,12.2513099019
0.586,0.293586,0.0158881218578,15.8881218578,1550.22953113,-17.2259406828,-1550.22953113,0.14608954586,12.01770475
0.588,0.294588,0.0157357916963,15.7357916963,1524.2991913,-17.0736105213,-1524.2991913,0.14911656997,11.783550175
0.59,0.29559,0.0155806696747,15.5806696747,1498.40008483,-16.9184884997,-1498.40008483,0.152006847017,11.5491230452
0.592,0.296592,0.0154228966544,15.4228966544,1472.49412891,-16.7607154794,-1472.49412891,0.154779019984,11.3147749182
0.594,0.297594,0.0152627011039,15.2627011039,1446.76214985,-16.6005199289,-1446.76214985,0.157398050052,11.080962575
0.596,0.298596,0.0151003575639,15.1003575639,1421.41141133,-16.4381763889,-1421.41141133,0.159801255247,10.8481595061
0.598,0.299598,0.0149360925161,14.9360925161,1396.5185825,-16.2739113411,-1396.5185825,0.161958520855,10.6167260771
0.6,0.3006,0.0147700205407,14.7700205407,1372.06346022,-16.1078393657,-1372.06346022,0.163909007423,10.3868438065
0.602,0.301602,0.0146021668982,14.6021668982,1347.98850669,-15.9399857232,-1347.98850669,0.165738703606,10.1585679724
0.604,0.302604,0.0144324955713,14.4324955713,1324.24145766,-15.7703143964,-1324.24145766,0.16753509163,9.93187721469
0.606,0.303606,0.0142609349993,14.2609349993,1300.73596276,-15.5987538243,-1300.73596276,0.169359902324,9.70671583498
0.608,0.304608,0.0140874258048,14.0874258048,1277.40214516,-15.4252446299,-1277.40214516,0.171241946791,9.48306057136
0.61,0.30561,0.0139119513342,13.9119513342,1254.24822199,-15.2497701592,-1254.24822199,0.173174077454,9.26095050559
0.612,0.306612,0.0137345126407,13.7345126407,1231.3111748,-15.0723314657,-1231.3111748,0.175130205762,9.04044310239
0.614,0.307614,0.0135550854337,13.5550854337,1208.65608559,-14.8929042587,-1208.65608559,0.177098114346,8.82155470893
0.616,0.308616,0.0133736197566,13.3736197566,1186.34909161,-14.7114385816,-1186.34909161,0.179090422667,8.60425906147
0.618,0.309618,0.0131900465363,13.1900465363,1164.36209977,-14.5278653613,-1164.36209977,0.181130718278,8.38850541882
0.62,0.31062,0.0130042561516,13.0042561516,1142.47738221,-14.3420749766,-1142.47738221,0.183246438049,8.17422181367
0.622,0.311622,0.0128160916428,12.8160916428,1120.6376868,-14.1539104678,-1120.6376868,0.185473710518,7.96131435971
0.624,0.312624,0.0126253954321,12.6253954321,1098.95384889,-13.9632142571,-1098.95384889,0.187843771542,7.74969264905
0.626,0.313626,0.0124320605672,12.4320605672,1077.35819667,-13.7698793922,-1077.35819667,0.19035576523,7.53932656251
0.628,0.314628,0.0122360142185,12.2360142185,1055.71656993,-13.5738330435,-1055.71656993,0.192979308887,7.33024850421
0.63,0.31563,0.0120371791626,12.0371791626,1033.97337656,-13.3749979876,-1033.97337656,0.195686953442,7.12250981121
0.632,0.316632,0.0118355004588,11.8355004588,1012.11010324,-13.1733192838,-1012.11010324,0.198463661214,6.91619738935
0.634,0.317634,0.0116309926664,11.6309926664,990.144187462,-12.9688114914,-990.144187462,0.201280998782,6.71147216402
0.636,0.318636,0.0114237277212,11.4237277212,968.14189296,-12.7615465462,-968.14189296,0.204087240971,6.50854273668
0.638,0.319638,0.0112137950369,11.2137950369,946.161534935,-12.5516138619,-946.161534935,0.206833449306,6.307617378
0.64,0.32064,0.0110013001973,11.0013001973,924.162718908,-12.3391190223,-924.162718908,0.209490734431,6.10891167451
0.642,0.321642,0.0107863811403,10.7863811403,902.158491932,-12.1241999653,-902.158491932,0.212037750109,5.91266667137
0.644,0.322644,0.010569196524,10.569196524,880.234745689,-11.907015349,-880.234745689,0.214450495496,5.71912219324
0.646,0.323646,0.0103499199737,10.3499199737,858.482238888,-11.6877387987,-858.482238888,0.216706540759,5.52850097361
0.648,0.324648,0.010128744285,10.128744285,836.852327131,-11.46656311,-836.852327131,0.218787999707,5.34102518556
0.65,0.32565,0.00990586479328,9.90586479328,815.309511612,-11.2436836183,-815.309511612,0.220681975076,5.15691527731
0.652,0.326652,0.00968143663102,9.68143663102,793.93894188,-11.019255456,-793.93894188,0.222393800612,4.97634079427
0.654,0.327654,0.00945556161614,9.45556161614,772.698424813,-10.7933804412,-772.698424813,0.223954834927,4.79941402168
0.656,0.328656,0.00922833589826,9.22833589826,751.440861182,-10.5661547233,-751.440861182,0.225400139181,4.62625699029
0.658,0.329658,0.0089998777298,8.9998777298,730.152907512,-10.3376965548,-730.152907512,0.226741216559,4.457020049
0.66,0.33066,0.00877031793427,8.77031793427,708.903568851,-10.1081367593,-708.903568851,0.227967067168,4.29184878197
0.662,0.331662,0.00853980035194,8.53980035194,687.664781054,-9.87761917696,-687.664781054,0.229062167948,4.130884732
0.664,0.332664,0.00830848949196,8.30848949196,666.398529074,-9.64630831697,-666.398529074,0.230011382449,3.97428183884
0.666,0.333666,0.00807656330988,8.07656330988,645.162490832,-9.4143821349,-645.162490832,0.230798517804,3.8221901746
0.668,0.334668,0.0078442146301,7.8442146301,623.994173642,-9.18203345511,-623.994173642,0.231407570804,3.67474677952
0.67,0.33567,0.00761166223893,7.61166223893,602.947423891,-8.94948106394,-602.947423891,0.231820812096,3.53208164493
0.672,0.336672,0.00737914725657,7.37914725657,582.035729432,-8.71696608159,-582.035729432,0.232016712682,3.39431629378
0.674,0.337674,0.00714691084902,7.14691084902,561.137250684,-8.48472967403,-561.137250684,0.231978577148,3.26156979662
0.676,0.338676,0.00691521051672,6.91521051672,540.125603022,-8.25302934173,-540.125603022,0.231694849315,3.13398374475
0.678,0.339678,0.00668434457237,6.68434457237,519.016071718,-8.02216339738,-519.016071718,0.231146761737,3.01171784634
0.68,0.34068,0.00645462447861,6.45462447861,497.896820128,-7.79244330362,-497.896820128,0.230309130108,2.89490774066
0.682,0.341682,0.00622634182561,6.22634182561,476.852899071,-7.56416065062,-476.852899071,0.229170483111,2.78363982374
0.684,0.342684,0.00599976745755,5.99976745755,455.832497518,-7.33758628257,-455.832497518,0.227741136182,2.67796864996
0.686,0.343686,0.00577518284079,5.77518284079,434.744121701,-7.1130016658,-434.744121701,0.226032149801,2.57795255688
0.688,0.344688,0.00555291188657,5.55291188657,413.618467968,-6.89073071159,-413.618467968,0.224032703947,2.48365666486
0.69,0.34569,0.00533333232202,5.33333232202,392.64771507,-6.67115114703,-392.64771507,0.221706457564,2.39512253004
0.692,0.346692,0.00511685435659,5.11685435659,371.911349015,-6.4546731816,-371.911349015,0.219009457906,2.31235145807
0.694,0.347694,0.00490391147746,4.90391147746,351.317451917,-6.24173030247,-351.317451917,0.215905692733,2.23533052098
0.696,0.348696,0.00469498461178,4.69498461178,330.89121887,-6.03280343679,-330.89121887,0.212361976646,2.16404499142
0.698,0.349698,0.00449059367401,4.49059367401,310.848547007,-5.82841249903,-310.848547007,0.208340691666,2.09844061565
0.7,0.3507,0.00429123758191,4.29123758191,291.3532898,-5.62905640692,-291.3532898,0.203818369329,2.03839150721
0.702,0.351702,0.00409732967396,4.09732967396,272.433909423,-5.43514849898,-272.433909423,0.198817510331,1.98370656318
0.704,0.352704,0.00390918029858,3.90918029858,254.094989259,-5.2469991236,-254.094989259,0.193409600198,1.93414973236
0.706,0.353706,0.0037270174533,3.7270174533,236.447020583,-5.06483627831,-236.447020583,0.187686115181,1.88944690008
0.708,0.354708,0.00355102948383,3.55102948383,219.531781758,-4.88884830885,-219.531781758,0.181722576653,1.84930038862
0.71,0.35571,0.00338137834073,3.38137834073,203.343629713,-4.71919716574,-203.343629713,0.175567261673,1.81340720282
0.712,0.356712,0.00321819912349,3.21819912349,187.929018167,-4.55601794851,-187.929018167,0.169250542912,1.78146164555
0.714,0.357714,0.00306161694629,3.06161694629,173.424305801,-4.39943577131,-173.424305801,0.162794024543,1.7531501023
0.716,0.358716,0.00291174168295,2.91174168295,159.981504286,-4.24956050797,-159.981504286,0.15621427006,1.72814595304
0.718,0.359718,0.00276864773613,2.76864773613,147.657597425,-4.10646656115,-147.657597425,0.149530967431,1.70611733634
0.72,0.36072,0.00263234836043,2.63234836043,136.499501453,-3.97016718544,-136.499501453,0.142781216446,1.68673590907
0.722,0.361722,0.00250278040704,2.50278040704,126.474312235,-3.84059923206,-126.474312235,0.136022999758,1.66968509614
0.724,0.362724,0.00237981056199,2.37981056199,117.484271606,-3.717629387,-117.484271606,0.129326186739,1.65467282527
0.726,0.363726,0.00226327425938,2.26327425938,109.394882918,-3.6010930844,-109.394882918,0.122750998635,1.64144210177
0.728,0.364728,0.00215299786503,2.15299786503,102.079670209,-3.49081669005,-102.079670209,0.11633354162,1.62977224476
0.73,0.36573,0.00204879389842,2.04879389842,95.4306480531,-3.38661272344,-95.4306480531,0.110090847817,1.61947321668
0.732,0.366732,0.00195044246564,1.95044246564,89.4526156786,-3.28826129065,-89.4526156786,0.104040870002,1.61037424175
0.734,0.367734,0.00185768552827,1.85768552827,84.0670540685,-3.19550435328,-84.0670540685,0.0982121612833,1.60232051586
0.736,0.368736,0.0017702639777,1.7702639777,79.1581758783,-3.10808280272,-79.1581758783,0.0926299867255,1.59518050762
0.738,0.369738,0.00168794574025,1.68794574025,74.698816008,-3.02576456527,-74.698816008,0.0872980213385,1.58884328421
0.74,0.37074,0.00161051622718,1.61051622718,70.6915559265,-2.94833505219,-70.6915559265,0.0822004572853,1.58321057653
0.742,0.371742,0.00153778014037,1.53778014037,67.122434261,-2.87559896539,-67.122434261,0.0773164358673,1.57819518202
0.744,0.372744,0.0014695509682,1.4695509682,63.926950104,-2.80736979321,-63.926950104,0.0726304175693,1.57372161114
0.746,0.373746,0.00140562207619,1.40562207619,61.0880326481,-2.74344090121,-61.0880326481,0.0681391669513,1.56972314211
0.748,0.374748,0.00134576060197,1.34576060197,58.5725691213,-2.68357942699,-58.5725691213,0.063856011946,1.56613958193
0.75,0.37575,0.00128972652122,1.28972652122,56.3783964573,-2.62754534623,-56.3783964573,0.0597996302274,1.56291733212
0.752,0.376752,0.00123729896126,1.23729896126,54.4435642666,-2.57511778627,-54.4435642666,0.0559749483986,1.56001090198
0.754,0.377754,0.00118827954405,1.18827954405,52.7247811196,-2.52609836906,-52.7247811196,0.0523696551532,1.55738309603
0.756,0.378756,0.00114247633975,1.14247633975,51.1619301521,-2.48029516476,-51.1619301521,0.0489670771662,1.55500295819
0.758,0.379758,0.0010996968695,1.0996968695,49.7896660005,-2.43751569451,-49.7896660005,0.045758106022,1.55284282627
0.76,0.38076,0.00105974570935,1.05974570935,48.5382985313,-2.39756453436,-48.5382985313,0.0427419493019,1.55087799582
0.762,0.381762,0.00102243162601,1.02243162601,47.3556767472,-2.36025045102,-47.3556767472,0.0399186954279,1.54908831138
0.764,0.382764,0.000987572433523,0.987572433523,46.2991169993,-2.32539125854,-46.2991169993,0.037284832562,1.54745545269
0.766,0.383766,0.000954993829899,0.954993829899,45.3806061425,-2.29281265491,-45.3806061425,0.0348331138241,1.54596165808
0.768,0.384768,0.00092453249496,0.92453249496,44.5495508406,-2.26235131997,-44.5495508406,0.0325543912496,1.54459163605
0.77,0.38577,0.000896042005655,0.896042005655,43.7881493787,-2.23386083067,-43.7881493787,0.0304368557772,1.5433329664
0.772,0.386772,0.000869395557819,0.869395557819,43.1268983392,-2.20721438283,-43.1268983392,0.0284645825107,1.54217474714
0.774,0.387774,0.000844479903165,0.844479903165,42.5779316521,-2.18229872818,-42.5779316521,0.0266206129939,1.54110686917
0.776,0.388776,0.000821193532299,0.821193532299,42.1229380166,-2.15901235731,-42.1229380166,0.024890155975,1.5401205394
0.778,0.389778,0.000799443838653,0.799443838653,41.7186584588,-2.13726266367,-41.7186584588,0.0232618162716,1.53920865764
0.78,0.39078,0.000779144967372,0.779144967372,41.3600335473,-2.11696379239,-41.3600335473,0.0217265093748,1.53836535664
0.782,0.391782,0.000760207154079,0.760207154079,41.0472837599,-2.09802597909,-41.0472837599,0.0202800595718,1.53758496952
0.784,0.392784,0.000742524298288,0.742524298288,40.7425982398,-2.0803431233,-40.7425982398,0.018926924264,1.536861764
0.786,0.393786,0.000725977326755,0.725977326755,40.4576944701,-2.06379615177,-40.4576944701,0.0176787150034,1.536189899
0.788,0.394788,0.000710455567508,0.710455567508,40.1963924624,-2.04827439252,-40.1963924624,0.016542983737,1.5355639052
0.79,0.39579,0.000695864983473,0.695864983473,39.9772000229,-2.03368380849,-39.9772000229,0.0155152300933,1.53497897665
0.792,0.396792,0.00068213121306,0.68213121306,39.7941293102,-2.01995003807,-39.7941293102,0.0145803590411,1.53443116629
0.794,0.397794,0.000669186796816,0.669186796816,39.6063926203,-2.00700562183,-39.6063926203,0.0137234669553,1.53391724363
0.796,0.398796,0.000656978674239,0.656978674239,39.3706689776,-1.99479749925,-39.3706689776,0.0129316091098,1.53343513426
0.798,0.399798,0.000645461978773,0.645461978773,39.1573848706,-1.98328080379,-39.1573848706,0.0121945312079,1.53298291467
0.8,0.4008,0.000634590749425,0.634590749425,39.0177251335,-1.97240957444,-39.0177251335,0.0115049759352,1.53255796224
0.802,0.401802,0.000624338911873,0.624338911873,38.8896327626,-1.96215773689,-38.8896327626,0.0108549907433,1.53215859331
0.804,0.402804,0.000614685466308,0.614685466308,38.7802304731,-1.95250429132,-38.7802304731,0.0102354310173,1.53178368068
0.806,0.403806,0.00060559101166,0.60559101166,38.6855439236,-1.94340983667,-38.6855439236,0.00964382642744,1.5314314088
0.808,0.404808,0.000597007079867,0.597007079867,38.5961866116,-1.93482590488,-38.5961866116,0.00908878566784,1.53109970471
0.81,0.40581,0.00058887540748,0.58887540748,38.5119669726,-1.92669423249,-38.5119669726,0.00858238623092,1.53078618575
0.812,0.406812,0.000581127763787,0.581127763787,38.4118785219,-1.9189465888,-38.4118785219,0.00813421544222,1.53048819031
0.814,0.407814,0.000573713929419,0.573713929419,38.2880424378,-1.91153275443,-38.2880424378,0.00774578302031,1.53020386626
0.816,0.408816,0.000566613484136,0.566613484136,38.1942630599,-1.90443230915,-38.1942630599,0.00740390679515,1.52993233506
0.818,0.409818,0.000559810952909,0.559810952909,38.121068823,-1.89762977792,-38.121068823,0.00708976633535,1.52967276451
0.82,0.41082,0.000553279089634,0.553279089634,38.0548043527,-1.89109791465,-38.0548043527,0.00679603165232,1.52942397519
0.822,0.411822,0.000546992478515,0.546992478515,37.9938927164,-1.88481130353,-37.9938927164,0.00652543628393,1.52918492513
0.824,0.412824,0.000540945490681,0.540945490681,37.9338539264,-1.87876431569,-37.9338539264,0.00627483464549,1.52895535351
0.826,0.413826,0.000535144909953,0.535144909953,37.8287087499,-1.87296373497,-37.8287087499,0.00603201128857,1.52873561571
0.828,0.414828,0.000529588405053,0.529588405053,37.6919697704,-1.86740723007,-37.6919697704,0.00578881646146,1.52852579403
0.83,0.41583,0.00052425799237,0.52425799237,37.6183326552,-1.86207681738,-37.6183326552,0.00554991578001,1.52832506998
0.832,0.416832,0.000519121593106,0.519121593106,37.6172892946,-1.85694041812,-37.6172892946,0.00532854920187,1.52813184452
0.834,0.417834,0.000514141973387,0.514141973387,37.6042289237,-1.8519607984,-37.6042289237,0.00513656959216,1.52794455258
0.836,0.418836,0.000509295270909,0.509295270909,37.528928782,-1.84711409592,-37.528928782,0.00497622246176,1.52776247424
0.838,0.419838,0.000504574795324,0.504574795324,37.4346091521,-1.84239362034,-37.4346091521,0.00483852504939,1.52758553946
0.84,0.42084,0.000499978720335,0.499978720335,37.3641651983,-1.83779754535,-37.3641651983,0.00471113510158,1.52741364958
0.842,0.421842,0.000495499629618,0.495499629618,37.3087487051,-1.83331845463,-37.3087487051,0.00458866882038,1.52724642015
0.844,0.422844,0.00049112263031,0.49112263031,37.2378152954,-1.82894145532,-37.2378152954,0.0044741791248,1.52708327967
0.846,0.423846,0.000486834210064,0.486834210064,37.1684133487,-1.82465303508,-37.1684133487,0.00437192240111,1.526923739
0.848,0.424848,0.00048262787971,0.48262787971,37.1147890075,-1.82044670472,-37.1147890075,0.00428146605685,1.5267675067
0.85,0.42585,0.000478502108307,0.478502108307,37.0923912225,-1.81632093332,-37.0923912225,0.00419808542236,1.52661442362
0.852,0.426852,0.000474457379979,0.474457379979,37.0571752592,-1.81227620499,-37.0571752592,0.00411709344991,1.52646446828
0.854,0.427854,0.000470492080806,0.470492080806,36.9860601504,-1.80831090582,-36.9860601504,0.00403684137344,1.52631767118
0.856,0.428856,0.000466597534821,0.466597534821,36.9094721442,-1.80441635983,-36.9094721442,0.00395969159888,1.52617378019
0.858,0.429858,0.000462764529435,0.462764529435,36.8306485165,-1.80058335445,-36.8306485165,0.00388926260854,1.52603245908
0.86,0.43086,0.000458984495138,0.458984495138,36.7703342151,-1.79680332015,-36.7703342151,0.00382768656175,1.52589335238
0.862,0.431862,0.000455249459216,0.455249459216,36.7587410162,-1.79306828423,-36.7587410162,0.00377467436819,1.52575603459
0.864,0.432864,0.000451555233771,0.451555233771,36.7375197375,-1.78937405878,-36.7375197375,0.00372866038981,1.52562027605
0.866,0.433866,0.000447901015617,0.447901015617,36.6556971537,-1.78571984063,-36.6556971537,0.00368693674522,1.52548617439
0.868,0.434868,0.000444285838398,0.444285838398,36.570557538,-1.78210466341,-36.570557538,0.003647065184,1.52535380683
0.87,0.43587,0.000440703535251,0.440703535251,36.4893834483,-1.77852236026,-36.4893834483,0.00360966484558,1.52522294199
0.872,0.436872,0.000437144056325,0.437144056325,36.3886459809,-1.77496288134,-36.3886459809,0.0035780364421,1.52509323491
0.874,0.437874,0.000433602667573,0.433602667573,36.2825760541,-1.77142149259,-36.2825760541,0.00355369567183,1.5249645513
0.876,0.438876,0.000430081253313,0.430081253313,36.1979453934,-1.76790007833,-36.1979453934,0.00353368230172,1.52483692704
0.878,0.439878,0.000426580838952,0.426580838952,36.1445894184,-1.76439966397,-36.1445894184,0.00351400688746,1.52471030533
0.88,0.44088,0.000423100241902,0.423100241902,36.108046534,-1.76091906692,-36.108046534,0.00349370481948,1.52458456069
0.882,0.441882,0.000419641809304,0.419641809304,36.0475107813,-1.75746063432,-36.0475107813,0.00347286951839,1.52445978797
0.884,0.442884,0.000416213266552,0.416213266552,35.9561817031,-1.75403209157,-35.9561817031,0.0034491327526,1.52433635331
0.886,0.443886,0.000412823714717,0.412823714717,35.838453974,-1.75064253973,-35.838453974,0.00341886822533,1.52421467437
0.888,0.444888,0.00040947601996,0.40947601996,35.7395992987,-1.74729484497,-35.7395992987,0.00338179247029,1.52409486155
0.89,0.44589,0.000406162163157,0.406162163157,35.6765562166,-1.74398098817,-35.6765562166,0.00334326393965,1.52397653066
0.892,0.446892,0.000402868287197,0.402868287197,35.6517055259,-1.74068711221,-35.6517055259,0.00331125945871,1.52385905807
0.894,0.447894,0.000399579340931,0.399579340931,35.5920319154,-1.73739816594,-35.5920319154,0.00329172168849,1.52374189953
0.896,0.448896,0.000396286708182,0.396286708182,35.5035173642,-1.7341055332,-35.5035173642,0.00328492694106,1.52362485446
0.898,0.449898,0.000392995892733,0.392995892733,35.399293106,-1.73081471775,-35.399293106,0.00328441258361,1.52350819102
0.9,0.4509,0.000389721063162,0.389721063162,35.2941379685,-1.72753988818,-35.2941379685,0.00327999940334,1.52339243451
0.902,0.451902,0.000386474373547,0.386474373547,35.2183103613,-1.72429319856,-35.2183103613,0.00326460729063,1.52327796663
0.904,0.452904,0.00038326025393,0.38326025393,35.1233553492,-1.72107907894,-35.1233553492,0.00323879028771,1.5231649229
0.906,0.453906,0.000380078980607,0.380078980607,35.0037679254,-1.71789780562,-35.0037679254,0.00320750298327,1.52305337502
0.908,0.454908,0.00037692894565,0.37692894565,34.9012771807,-1.71474777066,-34.9012771807,0.00317528113371,1.52294327134
0.91,0.45591,0.000373804738801,0.373804738801,34.8613123758,-1.71162356381,-34.8613123758,0.00314524939358,1.52283429366
0.912,0.456912,0.00037069750661,0.37069750661,34.8589609415,-1.70851633162,-34.8589609415,0.00312052045612,1.52272597479
0.914,0.457914,0.000367600270094,0.367600270094,34.8124873343,-1.70541909511,-34.8124873343,0.00310304601982,1.52261807973
0.916,0.458916,0.000364510705185,0.364510705185,34.7097065329,-1.7023295302,-34.7097065329,0.00309170376325,1.52251068126
0.918,0.459918,0.000361431884259,0.361431884259,34.5840206022,-1.69925070927,-34.5840206022,0.00308244439861,1.52240400652
0.92,0.46092,0.000358369157983,0.358369157983,34.531587936,-1.696187983,-34.531587936,0.00307103455476,1.52229816235
0.922,0.461922,0.000355323632916,0.355323632916,34.4948367035,-1.69314245793,-34.4948367035,0.00305622769823,1.52219305043
0.924,0.462924,0.000352290113111,0.352290113111,34.4771889901,-1.69010893812,-34.4771889901,0.00304094020473,1.52208843674
0.926,0.463926,0.000349264764197,0.349264764197,34.424108339,-1.68708358921,-34.424108339,0.00302856072611,1.52198421186
0.928,0.464928,0.000346249814355,0.346249814355,34.3597022506,-1.68406863937,-34.3597022506,0.00301860504207,1.52188052184
0.93,0.46593,0.000343245679315,0.343245679315,34.2311720488,-1.68106450433,-34.2311720488,0.00300877144282,1.52177749363
0.932,0.466932,0.00034025072038,0.34025072038,34.1069540338,-1.67806954539,-34.1069540338,0.00299858917497,1.52167516062
0.934,0.467934,0.000337265811722,0.337265811722,34.0127266963,-1.67508463674,-34.0127266963,0.0029886807349,1.52157349882
0.936,0.468936,0.000334295630539,0.334295630539,33.9344809592,-1.67211445555,-33.9344809592,0.00297751055702,1.52147259447
0.938,0.469938,0.000331345934063,0.331345934063,33.8749447911,-1.66916475908,-33.8749447911,0.00296247632738,1.52137258763
0.94,0.47094,0.000328419900057,0.328419900057,33.788060743,-1.66623872507,-33.788060743,0.00294278545813,1.52127359713
0.942,0.471942,0.000325516488486,0.325516488486,33.6920386097,-1.6633353135,-33.6920386097,0.00292041889226,1.52117563654
0.944,0.472944,0.000322633393338,0.322633393338,33.5871971329,-1.66045221835,-33.5871971329,0.00289821867295,1.52107864799
0.946,0.473946,0.000319769404664,0.319769404664,33.5083298773,-1.65758822968,-33.5083298773,0.00287762115679,1.52098256313
0.948,0.474948,0.000316923416106,0.316923416106,33.4611732847,-1.65474224112,-33.4611732847,0.00285852826351,1.52088726226
0.95,0.47595,0.000314096099858,0.314096099858,33.4416884958,-1.65191492487,-33.4416884958,0.00284003476493,1.52079268415
0.952,0.476952,0.000311285158433,0.311285158433,33.4299845278,-1.64910398345,-33.4299845278,0.00282229091547,1.5206986986
0.954,0.477954,0.000308484843451,0.308484843451,33.3600759961,-1.64630366846,-33.3600759961,0.00280698774045,1.52060518202
0.956,0.478956,0.000305690700838,0.305690700838,33.2888848207,-1.64350952585,-33.2888848207,0.00279601097119,1.52051206792
0.958,0.479958,0.000302903464368,0.302903464368,33.202848097,-1.64072228938,-33.202848097,0.0027883143043,1.52041940187
0.96,0.48096,0.000300128930622,0.300128930622,33.1597524736,-1.63794775564,-33.1597524736,0.00277990883361,1.52032733642
0.962,0.481962,0.000297373802034,0.297373802034,33.1236713107,-1.63519262705,-33.1236713107,0.00276694523222,1.52023602365
0.964,0.482964,0.000294641904761,0.294641904761,33.078166259,-1.63246072977,-33.078166259,0.00274841666437,1.52014559308
0.966,0.483966,0.000291935606527,0.291935606527,32.990120259,-1.62975443154,-32.990120259,0.00272564931154,1.52005619165
0.968,0.484968,0.000289251165603,0.289251165603,32.8798335317,-1.62706999062,-32.8798335317,0.00270192259946,1.51996777918
0.97,0.48597,0.000286580867692,0.286580867692,32.7865060175,-1.62439969271,-32.7865060175,0.00268130488131,1.51988010373
0.972,0.486972,0.000283921085132,0.283921085132,32.6989871808,-1.62173991015,-32.6989871808,0.00266598781622,1.51979301388
0.974,0.487974,0.000281272242463,0.281272242463,32.6296943271,-1.61909106748,-32.6296943271,0.00265429919216,1.51970649102
0.976,0.488976,0.000278633452449,0.278633452449,32.571469131,-1.61645227746,-32.571469131,0.00264377967708,1.51962046558
0.978,0.489978,0.000276002584942,0.276002584942,32.4872029453,-1.61382140996,-32.4872029453,0.00263412091717,1.51953488657
0.98,0.49098,0.000273379727873,0.273379727873,32.3964141348,-1.61119855289,-32.3964141348,0.00262555505695,1.51944979759
0.982,0.491982,0.000270770164824,0.270770164824,32.3006779997,-1.60858898984,-32.3006779997,0.00261600543712,1.51936538149
0.984,0.492984,0.000268182107445,0.268182107445,32.2377018364,-1.60600093246,-32.2377018364,0.00260184762123,1.51928186541
0.986,0.493986,0.000265617068346,0.265617068346,32.1602251669,-1.60343589336,-32.1602251669,0.00258236705765,1.51919927188
0.988,0.494988,0.000263074318574,0.263074318574,32.1003209047,-1.60089314359,-32.1003209047,0.0025600493363,1.51911757108
0.99,0.49599,0.000260553022406,0.260553022406,32.0744682385,-1.59837184742,-32.0744682385,0.00253783563372,1.51903666888
0.992,0.496992,0.000258049702285,0.258049702285,32.0266809508,-1.5958685273,-32.0266809508,0.00251722049601,1.51895643618
0.994,0.497994,0.000255563787349,0.255563787349,31.9474810028,-1.59338261236,-31.9474810028,0.00249841734938,1.51887692047
0.996,0.498996,0.000253095382257,0.253095382257,31.8776000274,-1.59091420727,-31.8776000274,0.00248085162906,1.51879815113
0.998,0.499998,0.000250642322484,0.250642322484,31.8325574219,-1.5884611475,-31.8325574219,0.00246405813705,1.51872001348
1,0.501,0.00024820406945,0.24820406945,31.7606541267,-1.58602289446,-31.7606541267,0.00244826015183,1.51864248768
