phase,displacement_m,measured_force_n,simulated_force_n
0.000000000000000000e+00,2.744782366574512146e-04,1.437919950276438286e+01,6.230297088623046875e+00
2.000000000000000042e-03,2.748498965637509450e-04,1.437775442600576881e+01,6.247265186311436125e+00
4.000000000000000083e-03,2.751813534880014501e-04,1.434527115872782943e+01,6.281422328950523770e+00
6.000000000000000125e-03,2.754788628310009908e-04,1.431849690947244014e+01,6.314226284028586988e+00
8.000000000000000167e-03,2.757442832813001860e-04,1.429302141767164258e+01,6.345772705079558484e+00
1.000000000000000021e-02,2.759741820933996146e-04,1.423775726192699054e+01,6.375937652589252380e+00
1.200000000000000025e-02,2.761648197476507488e-04,1.414520625830680345e+01,6.404673061372139209e+00
1.400000000000000029e-02,2.763171474824019868e-04,1.409687065391988270e+01,6.431934814454352889e+00
1.600000000000000033e-02,2.764388712166017349e-04,1.410772306043490332e+01,6.458019657136185643e+00
1.800000000000000211e-02,2.765403385879512200e-04,1.415524110325511842e+01,6.483143558503330794e+00
2.000000000000000042e-02,2.766212237220511453e-04,1.419687500675823699e+01,6.507445335389265395e+00
2.199999999999999872e-02,2.766750374211000081e-04,1.416942427129237458e+01,6.530558605195130539e+00
2.400000000000000050e-02,2.767013762995507295e-04,1.406683167659628353e+01,6.552656879426036696e+00
2.600000000000000228e-02,2.767083773659511172e-04,1.395975326141595829e+01,6.573862323761969328e+00
2.800000000000000058e-02,2.767093486276017591e-04,1.394616786009297371e+01,6.594681491852776745e+00
2.999999999999999889e-02,2.767115119555007934e-04,1.408939061723279096e+01,6.615165901185031672e+00
3.200000000000000067e-02,2.767125132011010033e-04,1.422576134125940328e+01,6.635384006501182874e+00
3.400000000000000244e-02,2.767102907444005588e-04,1.426176595175805417e+01,6.655337944031688657e+00
3.600000000000000422e-02,2.767066919160505946e-04,1.422973852501538872e+01,6.674943943024598703e+00
3.799999999999999906e-02,2.767087001846011297e-04,1.423085830383473294e+01,6.694471511841736167e+00
4.000000000000000083e-02,2.767162434052501500e-04,1.428726627790124226e+01,6.713915157319020999e+00
4.200000000000000261e-02,2.767208475036007117e-04,1.429940384655193597e+01,6.733011531830728202e+00
4.399999999999999745e-02,2.767206331121521072e-04,1.431915522266247720e+01,6.751811828614146194e+00
4.599999999999999922e-02,2.767171912979513840e-04,1.427845879256826223e+01,6.770233478546996864e+00
4.800000000000000100e-02,2.767105812380510148e-04,1.421503038108088290e+01,6.788308639527211419e+00
5.000000000000000278e-02,2.767037525860516342e-04,1.414494185566195839e+01,6.806157112122416031e+00
5.200000000000000455e-02,2.766982711719521070e-04,1.408826676949941614e+01,6.823876647950057439e+00
5.399999999999999939e-02,2.766936483815509796e-04,1.411372164163032394e+01,6.841285686493739249e+00
5.600000000000000117e-02,2.766874218735005048e-04,1.420826404574866686e+01,6.858474998474930473e+00
5.800000000000000294e-02,2.766755447298017284e-04,1.423155196644966836e+01,6.875354480744197971e+00
5.999999999999999778e-02,2.766639453566508344e-04,1.414268684797665188e+01,6.891964340210751772e+00
6.199999999999999956e-02,2.766628960514516808e-04,1.413526268024556387e+01,6.908728332520333026e+00
6.400000000000000133e-02,2.766710911649514909e-04,1.424570550144848013e+01,6.925497455597716012e+00
6.600000000000000311e-02,2.766741803981514146e-04,1.437594871948129693e+01,6.941828575135030377e+00
6.800000000000000488e-02,2.766533150564516532e-04,1.451178462996214691e+01,6.957330913544412354e+00
7.000000000000000666e-02,2.766070502623509792e-04,1.452069182854854645e+01,6.971914958954538832e+00
7.200000000000000844e-02,2.765535710071507082e-04,1.450107560096154558e+01,6.986143264771191852e+00
7.399999999999999634e-02,2.765141807147521928e-04,1.449523185848279994e+01,7.000417404175520275e+00
7.599999999999999811e-02,2.764995500884524196e-04,1.456284164820406701e+01,7.015338211060283768e+00
7.799999999999999989e-02,2.765036949364017100e-04,1.463652137592550062e+01,7.032713298798491053e+00
8.000000000000000167e-02,2.765103592123008486e-04,1.466298790400948704e+01,7.050888633728900956e+00
8.200000000000000344e-02,2.765060356660011703e-04,1.461099585073123208e+01,7.068554725647815395e+00
8.400000000000000522e-02,2.764879151607502520e-04,1.452060721224478002e+01,7.085669307709551390e+00
8.600000000000000699e-02,2.764656218547507883e-04,1.454016732173969828e+01,7.102393741608467259e+00
8.799999999999999489e-02,2.764466122381019743e-04,1.461672092685822477e+01,7.118962383271065342e+00
8.999999999999999667e-02,2.764348690613509761e-04,1.471196936192908211e+01,7.138644599915643596e+00
9.199999999999999845e-02,2.764288815437510320e-04,1.466274775622096271e+01,7.161367950440542529e+00
9.400000000000000022e-02,2.764208137732495642e-04,1.454204728526471158e+01,7.183660888672949163e+00
9.600000000000000200e-02,2.764069850483003975e-04,1.449577022686750283e+01,7.205620708466629054e+00
9.800000000000000377e-02,2.763932239967506130e-04,1.446451152690298514e+01,7.227244987488845140e+00
1.000000000000000056e-01,2.763903865425518746e-04,1.436009604736078771e+01,7.248936653138268404e+00
1.020000000000000073e-01,2.763980392998526166e-04,1.429427522031167186e+01,7.270703468323810092e+00
1.040000000000000091e-01,2.764028792435518000e-04,1.435917061592366295e+01,7.292098941804010082e+00
1.059999999999999970e-01,2.763940780472502593e-04,1.442437491900537694e+01,7.312794265748067346e+00
1.079999999999999988e-01,2.763746648173501718e-04,1.439192041119952492e+01,7.332961940766354658e+00
1.100000000000000006e-01,2.763573660742011415e-04,1.436184927381038179e+01,7.352927398682614246e+00
1.120000000000000023e-01,2.763557615432503823e-04,1.436535502212209181e+01,7.373119277955096251e+00
1.140000000000000041e-01,2.763714338143010785e-04,1.441576804002572842e+01,7.393565807343535745e+00
1.160000000000000059e-01,2.763935555882515065e-04,1.445718985407100732e+01,7.413964290619882824e+00
1.180000000000000077e-01,2.764111349238511785e-04,1.456265476052059782e+01,7.434015274048812572e+00
1.199999999999999956e-01,2.764164624923513055e-04,1.459047498628362760e+01,7.453447818757031662e+00
1.219999999999999973e-01,2.764103210445014672e-04,1.452522145893163596e+01,7.472221622467955626e+00
1.239999999999999991e-01,2.763974826611512842e-04,1.450655562959220291e+01,7.490612277985510659e+00
1.260000000000000009e-01,2.763809239220513941e-04,1.455601497502623332e+01,7.508563022614404225e+00
1.280000000000000027e-01,2.763614882147997836e-04,1.458621627241608465e+01,7.526262435913952942e+00
1.300000000000000044e-01,2.763351014083000002e-04,1.451427884376803590e+01,7.543402481079945154e+00
1.320000000000000062e-01,2.762997202921013869e-04,1.439566773165352842e+01,7.560098876953946778e+00
1.340000000000000080e-01,2.762649330661019992e-04,1.431958512255939198e+01,7.576623210907804662e+00
1.360000000000000098e-01,2.762446015991511174e-04,1.431691358693131733e+01,7.593402061463247144e+00
1.380000000000000115e-01,2.762396643011016039e-04,1.437980107364654359e+01,7.610366077423933895e+00
1.400000000000000133e-01,2.762365193185019004e-04,1.442906984898086975e+01,7.627223587036959351e+00
1.420000000000000151e-01,2.762238536961021196e-04,1.440979963574639910e+01,7.643559112549621837e+00
1.440000000000000169e-01,2.762019237797019920e-04,1.431784875726886597e+01,7.659379711151895087e+00
1.459999999999999909e-01,2.761724063092501182e-04,1.428258353376638823e+01,7.674774227143086769e+00
1.479999999999999927e-01,2.761386193775514628e-04,1.426369898521069857e+01,7.689871196747577464e+00
1.499999999999999944e-01,2.761087655550511621e-04,1.424743788644716247e+01,7.704764842987825268e+00
1.519999999999999962e-01,2.760889698760511245e-04,1.423221569968652389e+01,7.719916934967792521e+00
1.539999999999999980e-01,2.760793523395506399e-04,1.431806930692701130e+01,7.735122547150413475e+00
1.559999999999999998e-01,2.760738660587023444e-04,1.449695732001248771e+01,7.750333786011498027e+00
1.580000000000000016e-01,2.760614161871508486e-04,1.464080500091715820e+01,7.765067882538575716e+00
1.600000000000000033e-01,2.760360837866499928e-04,1.458951077406323193e+01,7.779199886322724744e+00
1.620000000000000051e-01,2.760078037161015812e-04,1.443968281009498256e+01,7.793114070893038203e+00
1.640000000000000069e-01,2.759891757473518148e-04,1.439156077054810012e+01,7.807129592896226988e+00
1.660000000000000087e-01,2.759840054511002432e-04,1.446769057631056299e+01,7.821366729737052381e+00
1.680000000000000104e-01,2.759864607318007843e-04,1.457466231214035801e+01,7.835663070679435904e+00
1.700000000000000122e-01,2.759864657854010092e-04,1.465041279366423410e+01,7.849792575836876729e+00
1.720000000000000140e-01,2.759773887436516395e-04,1.465681223122762233e+01,7.863346080780702074e+00
1.740000000000000158e-01,2.759581960922510282e-04,1.458109850440883193e+01,7.876460075379060122e+00
1.759999999999999898e-01,2.759304710545506948e-04,1.446207172281046738e+01,7.889083366394681995e+00
1.779999999999999916e-01,2.758996192893015034e-04,1.438956767441004203e+01,7.901514568329488064e+00
1.799999999999999933e-01,2.758721197592013392e-04,1.439551366062606874e+01,7.913800048828748324e+00
1.819999999999999951e-01,2.758565646969515220e-04,1.443889492917777417e+01,7.926408824921304053e+00
1.839999999999999969e-01,2.758554682245524265e-04,1.453273715789136489e+01,7.939236812592216808e+00
1.859999999999999987e-01,2.758621911103009607e-04,1.459125791060498400e+01,7.952150478363686048e+00
1.880000000000000004e-01,2.758663027578016759e-04,1.457049991222061536e+01,7.964849910736721661e+00
1.900000000000000022e-01,2.758581388318006840e-04,1.451596834831096672e+01,7.977003097534775655e+00
1.920000000000000040e-01,2.758354398433517812e-04,1.446066374878173022e+01,7.988534984589199972e+00
1.940000000000000058e-01,2.758070747401007022e-04,1.442840538116856308e+01,7.999740447998625825e+00
1.960000000000000075e-01,2.757866652770015977e-04,1.446127080865086967e+01,8.011040916443466386e+00
1.980000000000000093e-01,2.757794762683509599e-04,1.454255597244055664e+01,8.022622871399526900e+00
2.000000000000000111e-01,2.757763962375517049e-04,1.461261044555495303e+01,8.034177780151939174e+00
2.020000000000000129e-01,2.757643435600023443e-04,1.455567594816284682e+01,8.045332412720304305e+00
2.040000000000000147e-01,2.757439872702995899e-04,1.450810906429426339e+01,8.056035537720275030e+00
2.060000000000000164e-01,2.757269002791513674e-04,1.461702417045872338e+01,8.066697845459527727e+00
2.080000000000000182e-01,2.757154548847999651e-04,1.474614618596270432e+01,8.077415161133359334e+00
2.099999999999999922e-01,2.757006047750501141e-04,1.476458850996305117e+01,8.087840652466349312e+00
2.119999999999999940e-01,2.756765477857499010e-04,1.464396203810704478e+01,8.097894668579611377e+00
2.139999999999999958e-01,2.756459874833012730e-04,1.459467227157859170e+01,8.107635345459486942e+00
2.159999999999999976e-01,2.756165604620015820e-04,1.466297835463276655e+01,8.117243156433602280e+00
2.179999999999999993e-01,2.755921893885009350e-04,1.470130684676822241e+01,8.126881103516126359e+00
2.200000000000000011e-01,2.755703109452518527e-04,1.472538493760978540e+01,8.136369132996097875e+00
2.220000000000000029e-01,2.755425515936007499e-04,1.472981112746476029e+01,8.145673217773900632e+00
2.240000000000000047e-01,2.755072652818526678e-04,1.469282158074438271e+01,8.154537315369108086e+00
2.260000000000000064e-01,2.754672777014519460e-04,1.467562524565673598e+01,8.163156089783157654e+00
2.280000000000000082e-01,2.754197541442522548e-04,1.467579518112586001e+01,8.171314239502375898e+00
2.300000000000000100e-01,2.753593849705495561e-04,1.466915555936596505e+01,8.178998756409084692e+00
2.320000000000000118e-01,2.752860075401510867e-04,1.464133219906486616e+01,8.186203346252813873e+00
2.340000000000000135e-01,2.752092638178514085e-04,1.461329360249420617e+01,8.193085289001821536e+00
2.360000000000000153e-01,2.751397740365018143e-04,1.459423539696470229e+01,8.200166587829965437e+00
2.380000000000000171e-01,2.750817481284499686e-04,1.459493331898299218e+01,8.207430381775285611e+00
2.399999999999999911e-01,2.750321409131508636e-04,1.461350919043517749e+01,8.214852523804109907e+00
2.419999999999999929e-01,2.749874015793523198e-04,1.472994325014076722e+01,8.222338409424231997e+00
2.439999999999999947e-01,2.749475350812513835e-04,1.483392961146880751e+01,8.229898376465245136e+00
2.459999999999999964e-01,2.749117318526011155e-04,1.486223941296071516e+01,8.237473258972562107e+00
2.479999999999999982e-01,2.748748822248998891e-04,1.486601343644164430e+01,8.244922294617078151e+00
2.500000000000000000e-01,2.748316238593009279e-04,1.486456451309419080e+01,8.252047538757674161e+00
2.520000000000000018e-01,2.747802497229514325e-04,1.484352440910632609e+01,8.258716583252310173e+00
2.540000000000000036e-01,2.747198749374000202e-04,1.479541180578793202e+01,8.265058250427575359e+00
2.560000000000000053e-01,2.746538821221520448e-04,1.474269173890404616e+01,8.271071853638005678e+00
2.580000000000000071e-01,2.745839925300011227e-04,1.472926118400672024e+01,8.276940460205382877e+00
2.600000000000000089e-01,2.745111279094025942e-04,1.471262486829867200e+01,8.282530403137496222e+00
2.620000000000000107e-01,2.744381315933512914e-04,1.462563580271415375e+01,8.288038444519337133e+00
2.640000000000000124e-01,2.743668741898517551e-04,1.458033808449473767e+01,8.293505706787398069e+00
2.660000000000000142e-01,2.742963111564513984e-04,1.467285701417428712e+01,8.298873252868935069e+00
2.680000000000000160e-01,2.742211084660510848e-04,1.474813147319902740e+01,8.304088363647727178e+00
2.700000000000000178e-01,2.741410586823001113e-04,1.471501551554831977e+01,8.308946990967067237e+00
2.720000000000000195e-01,2.740652032794006765e-04,1.467897356156271726e+01,8.313910675049108079e+00
2.740000000000000213e-01,2.739995543397508908e-04,1.470250812143369856e+01,8.319130668640415394e+00
2.760000000000000231e-01,2.739421163856015150e-04,1.470510570452890065e+01,8.324409599304486207e+00
2.780000000000000249e-01,2.738888926225513582e-04,1.468678297401469379e+01,8.329901390075976408e+00
2.800000000000000266e-01,2.738391008115002119e-04,1.466683434782712325e+01,8.335342597961718170e+00
2.820000000000000284e-01,2.737957709178502445e-04,1.466161390937937270e+01,8.340901679992974493e+00
2.840000000000000302e-01,2.737580163170499014e-04,1.462324703715738750e+01,8.346587829590150776e+00
2.860000000000000320e-01,2.737253289882524382e-04,1.462246477164239522e+01,8.352315864563303549e+00
2.880000000000000338e-01,2.736973208776003613e-04,1.465608583418706345e+01,8.358116226196599996e+00
2.899999999999999800e-01,2.736686717260496983e-04,1.461604986367965964e+01,8.363788986206349918e+00
2.919999999999999818e-01,2.736318640272017650e-04,1.458168392642970801e+01,8.369140739441194299e+00
2.939999999999999836e-01,2.735823834116004531e-04,1.469148511485434838e+01,8.374032287597900748e+00
2.959999999999999853e-01,2.735201255088011299e-04,1.486181158884585685e+01,8.378413696289291224e+00
2.979999999999999871e-01,2.734521843104005295e-04,1.492873680409583770e+01,8.382497253418193850e+00
2.999999999999999889e-01,2.733887674375008693e-04,1.490828962650815370e+01,8.386627197265859479e+00
3.019999999999999907e-01,2.733303184530022634e-04,1.488818304057935293e+01,8.390914459228747901e+00
3.039999999999999925e-01,2.732696756816004350e-04,1.491830914730411806e+01,8.395002670288311819e+00
3.059999999999999942e-01,2.732035675959015061e-04,1.494024293031630535e+01,8.398823242187699378e+00
3.079999999999999960e-01,2.731356024561506471e-04,1.498002774032521600e+01,8.402539787292676365e+00
3.099999999999999978e-01,2.730695440213501825e-04,1.500370357235326324e+01,8.406246757507528145e+00
3.119999999999999996e-01,2.730043895513514394e-04,1.500365065400162834e+01,8.409867744445987725e+00
3.140000000000000013e-01,2.729360929475515012e-04,1.495509068062043312e+01,8.413402824402050229e+00
3.160000000000000031e-01,2.728695504804505762e-04,1.485306429382411508e+01,8.416865997314657122e+00
3.180000000000000049e-01,2.728148532877518921e-04,1.476956274093344135e+01,8.420643348694072827e+00
3.200000000000000067e-01,2.727687715954019393e-04,1.477346720595948071e+01,8.424598693847865860e+00
3.220000000000000084e-01,2.727182329779012128e-04,1.479979064470227357e+01,8.428385810852242699e+00
3.240000000000000102e-01,2.726553970947520568e-04,1.477076482664004331e+01,8.431738128662260578e+00
3.260000000000000120e-01,2.725775637825513810e-04,1.471344528813976282e+01,8.434467315673977339e+00
3.280000000000000138e-01,2.724912066384010826e-04,1.471152380593494868e+01,8.436889572143686067e+00
3.300000000000000155e-01,2.724050401516002842e-04,1.483445863766214856e+01,8.439240074157844163e+00
3.320000000000000173e-01,2.723195474837006064e-04,1.497215360043209742e+01,8.441520538330202328e+00
3.340000000000000191e-01,2.722306727886518712e-04,1.500742318543806064e+01,8.443627014160275834e+00
3.360000000000000209e-01,2.721379569782520543e-04,1.498232282599818532e+01,8.445588684082135700e+00
3.380000000000000226e-01,2.720437501713011334e-04,1.498781152716384568e+01,8.447398948669523122e+00
3.400000000000000244e-01,2.719473656547499989e-04,1.495148414101361212e+01,8.449083137512291231e+00
3.420000000000000262e-01,2.718438925486523568e-04,1.487072236018176241e+01,8.450428733825749106e+00
3.440000000000000280e-01,2.717277941401512447e-04,1.484504556940021658e+01,8.451350746154822957e+00
3.460000000000000298e-01,2.716000758276493235e-04,1.489971857679076450e+01,8.451855888366708314e+00
3.480000000000000315e-01,2.714641369561014770e-04,1.492796729564718916e+01,8.452001190185553625e+00
3.500000000000000333e-01,2.713302816882006167e-04,1.493364564289863594e+01,8.452199935913112583e+00
3.519999999999999796e-01,2.712075016245520977e-04,1.490241877607907739e+01,8.452614173889179128e+00
3.539999999999999813e-01,2.710956875603507277e-04,1.484341702093611914e+01,8.453406829834023029e+00
3.559999999999999831e-01,2.709900506167013472e-04,1.482387897369729401e+01,8.454368858337451442e+00
3.579999999999999849e-01,2.708846833395508417e-04,1.487538682469263662e+01,8.455196990966843629e+00
3.599999999999999867e-01,2.707796064304020061e-04,1.488006441386852785e+01,8.456078529357954565e+00
3.619999999999999885e-01,2.706815231063508715e-04,1.480457806633043916e+01,8.457098579406792993e+00
3.639999999999999902e-01,2.705906056928508783e-04,1.474860969810764644e+01,8.458293571472232486e+00
3.659999999999999920e-01,2.705059405802998844e-04,1.480965472289195262e+01,8.459700813293542510e+00
3.679999999999999938e-01,2.704312876899006698e-04,1.486628935062126189e+01,8.461297569275011199e+00
3.699999999999999956e-01,2.703700190865010716e-04,1.479965682009987304e+01,8.463380432129040898e+00
3.719999999999999973e-01,2.703246783761521365e-04,1.476536698620194343e+01,8.465816688537781687e+00
3.739999999999999991e-01,2.703045707251518909e-04,1.484089533725630261e+01,8.469102287292741948e+00
3.760000000000000009e-01,2.703274878912509480e-04,1.488917314404492842e+01,8.473840141296660633e+00
3.780000000000000027e-01,2.704184820403518876e-04,1.478891221687055335e+01,8.480855140686442084e+00
3.800000000000000044e-01,2.706095123115002401e-04,1.459970522821688022e+01,8.491288566589988207e+00
3.820000000000000062e-01,2.709655350690027957e-04,1.442684064109470299e+01,8.507436103821834905e+00
3.840000000000000080e-01,2.716085099864002836e-04,1.417510815478302888e+01,8.533408813478306598e+00
3.860000000000000098e-01,2.727248365859509180e-04,1.370838198242892148e+01,8.575287628176733179e+00
3.880000000000000115e-01,2.745585092007054684e-04,1.308372659535107019e+01,8.640962409977788639e+00
3.900000000000000133e-01,2.773911753716511619e-04,1.242918394451749364e+01,8.739644813544632740e+00
3.920000000000000151e-01,2.815285414288446484e-04,1.179243332065036398e+01,8.881134109507181407e+00
3.940000000000000169e-01,2.872931799649620834e-04,1.112205609885691970e+01,9.075928611769304766e+00
3.960000000000000187e-01,2.950267559018833409e-04,1.043690830271959413e+01,9.335219116229511727e+00
3.980000000000000204e-01,3.051082074622755015e-04,9.769941655944226255e+00,9.671022949242869871e+00
4.000000000000000222e-01,3.179498515218117630e-04,9.167704638891766677e+00,1.009678363803106116e+01
4.020000000000000240e-01,3.339660696649176001e-04,8.613894517525977790e+00,1.063585365298525609e+01
4.040000000000000258e-01,3.535791147577960094e-04,8.147312486326324432e+00,1.129427768711144076e+01
4.060000000000000275e-01,3.772237153827671203e-04,7.816612342031358907e+00,1.208629547123861592e+01
4.080000000000000293e-01,4.053422947251626197e-04,7.672388520415889701e+00,1.302613296514461005e+01
4.100000000000000311e-01,4.383696749827237162e-04,7.659483457426031094e+00,1.413433265692830609e+01
4.120000000000000329e-01,4.767313804284754376e-04,7.845450612319165629e+00,1.542895877846113173e+01
4.140000000000000346e-01,5.208504950758694081e-04,8.183317990482887438e+00,1.692175132760770850e+01
4.160000000000000364e-01,5.711442710605076903e-04,8.693949189164666080e+00,1.863212944041459806e+01
4.179999999999999827e-01,6.279977654694839529e-04,9.519517284842113014e+00,2.056870208752441087e+01
4.199999999999999845e-01,6.917634200395212556e-04,1.061760722639208154e+01,2.275037002577277789e+01
4.219999999999999862e-01,7.627779462677448984e-04,1.191294895845287627e+01,2.518563995376783282e+01
4.239999999999999880e-01,8.413674829354427041e-04,1.345951809740950367e+01,2.788318534868269793e+01
4.259999999999999898e-01,9.278527748520275448e-04,1.514637902137821257e+01,3.086517875688721446e+01
4.279999999999999916e-01,1.022570713320689615e-03,1.695052050623955964e+01,3.413971633930260197e+01
4.299999999999999933e-01,1.125879120064901366e-03,1.895549778851496470e+01,3.771172943136269140e+01
4.319999999999999951e-01,1.238147252943441788e-03,2.121554624156437185e+01,4.158999359153863651e+01
4.339999999999999969e-01,1.359731839548576583e-03,2.369966916743866037e+01,4.578594207788729875e+01
4.359999999999999987e-01,1.490967778500063836e-03,2.642810521549862912e+01,5.031062194851409686e+01
4.380000000000000004e-01,1.632169398740963145e-03,2.953490396112046668e+01,5.517446060210068737e+01
4.400000000000000022e-01,1.783620170348138240e-03,3.309570323862270413e+01,6.038703460725046313e+01
4.420000000000000040e-01,1.945588315311226829e-03,3.695327738021788377e+01,6.595731079135588004e+01
4.440000000000000058e-01,2.118327611969789224e-03,4.110889274346016009e+01,7.189370544470018842e+01
4.460000000000000075e-01,2.302061475109866157e-03,4.566690369753111156e+01,7.820386444130670611e+01
4.480000000000000093e-01,2.496967297626390657e-03,5.060550158191686876e+01,8.489391052287454897e+01
4.500000000000000111e-01,2.703188324249669681e-03,5.594382477633772055e+01,9.196884155317320619e+01
4.520000000000000129e-01,2.920833644070700702e-03,6.175523330706650427e+01,9.946572814985508160e+01
4.540000000000000147e-01,3.149945661650708096e-03,6.809501245791990698e+01,1.073534686283961292e+02
4.560000000000000164e-01,3.390493259162863111e-03,7.489248972076457278e+01,1.156312744145543263e+02
4.580000000000000182e-01,3.642405220485525272e-03,8.210298608334075254e+01,1.242972070317671296e+02
4.600000000000000200e-01,3.905581843613424326e-03,8.980976112753678819e+01,1.333484527593313089e+02
4.620000000000000218e-01,4.179893904787231745e-03,9.793726389413842526e+01,1.427814874273249757e+02
4.640000000000000235e-01,4.465177248516164973e-03,1.064687969882744909e+02,1.525916839605527286e+02
4.660000000000000253e-01,4.761255667359676896e-03,1.153287072374617281e+02,1.627749096685849679e+02
4.680000000000000271e-01,5.068035659149361209e-03,1.247949123363213602e+02,1.733292761236876345e+02
4.700000000000000289e-01,5.385527166449767360e-03,1.343491679828805445e+02,1.842567474371890057e+02
4.720000000000000306e-01,5.713792331762682086e-03,1.432536386095766545e+02,1.955613690192456318e+02
4.740000000000000324e-01,6.053003041475709528e-03,1.526805323227528959e+02,2.072511962897793865e+02
4.760000000000000342e-01,6.403300799855232185e-03,1.635228731595500733e+02,2.193503222663447616e+02
4.780000000000000360e-01,6.764602371069522099e-03,1.746022755183757624e+02,2.318591601569958698e+02
4.799999999999999822e-01,7.136645734773317332e-03,1.860494906924895702e+02,2.447561340339744334e+02
4.819999999999999840e-01,7.519059018032448610e-03,1.976549942923398930e+02,2.580328698738433673e+02
4.839999999999999858e-01,7.911388351424224891e-03,2.088503547205471591e+02,2.716789343269927599e+02
4.859999999999999876e-01,8.313083066108855126e-03,2.223340070189513540e+02,2.856811010750631112e+02
4.879999999999999893e-01,8.723504627707146658e-03,2.377044525288418413e+02,3.000243945321167303e+02
4.899999999999999911e-01,9.141977400852834348e-03,2.537551929559305108e+02,3.146931152352630079e+02
4.919999999999999929e-01,9.567806072676397766e-03,2.689635677805579235e+02,3.296716406259081964e+02
4.939999999999999947e-01,1.000025950533707172e-02,2.843195552668786377e+02,3.449444848642085049e+02
4.959999999999999964e-01,1.043861658378045926e-02,3.004335374341331431e+02,3.604969897470390379e+02
4.979999999999999982e-01,1.088214887965901004e-02,3.176521689048968824e+02,3.763158496103374659e+02
5.000000000000000000e-01,1.133015539440013035e-02,3.345917586467818978e+02,3.923895263681665142e+02
5.020000000000000018e-01,1.178196548719683684e-02,3.514121335634598609e+02,4.087219848642653233e+02
5.040000000000000036e-01,1.223685986913410247e-02,3.690122459523181533e+02,4.252888415537345850e+02
5.060000000000000053e-01,1.269412726743220782e-02,3.876811558716281638e+02,4.420840405283596510e+02
5.080000000000000071e-01,1.315313532106982160e-02,4.081416717774871472e+02,4.591060620127502148e+02
5.100000000000000089e-01,1.361311359052226611e-02,4.302473794170300607e+02,4.763497802744838054e+02
5.120000000000000107e-01,1.407294177720373740e-02,4.517749273986132721e+02,4.938010693369973296e+02
5.140000000000000124e-01,1.453127652650501762e-02,4.729804025477897653e+02,5.114407080088844282e+02
5.160000000000000142e-01,1.498683250940682082e-02,4.950250244610198251e+02,5.292540625010832400e+02
5.180000000000000160e-01,1.543862614221975377e-02,5.183049497256806717e+02,5.472388281260947451e+02
5.200000000000000178e-01,1.588595049160741041e-02,5.424982024465588211e+02,5.654070434581385598e+02
5.220000000000000195e-01,1.632813585954149410e-02,5.672694709067275198e+02,5.837768286144022341e+02
5.240000000000000213e-01,1.676443063699437075e-02,5.926486892753906659e+02,6.023697314464480996e+02
5.260000000000000231e-01,1.719390418873703585e-02,6.190931924487076685e+02,6.211975439464658848e+02
5.280000000000000249e-01,1.761552621607037974e-02,6.467487919419794480e+02,6.402743139660146880e+02
5.300000000000000266e-01,1.802823273634424420e-02,6.751281445664503735e+02,6.596292602550961419e+02
5.320000000000000284e-01,1.843096218230993316e-02,7.042320494748141755e+02,6.792888452160541419e+02
5.340000000000000302e-01,1.882266690125234190e-02,7.342710649919079060e+02,6.992855712902952519e+02
5.360000000000000320e-01,1.920229573320152497e-02,7.655604872815426916e+02,7.196525146496943535e+02
5.380000000000000338e-01,1.956874436766100483e-02,7.978263714084408775e+02,7.404222363294076104e+02
5.400000000000000355e-01,1.992086157583034325e-02,8.304440031553401695e+02,7.616223144544343313e+02
5.420000000000000373e-01,2.025750047684613322e-02,8.629849794292827028e+02,7.832742211927425160e+02
5.440000000000000391e-01,2.057761412990935165e-02,8.953648442512505881e+02,8.053906713880812731e+02
5.460000000000000409e-01,2.088020174573633828e-02,9.277909245399555402e+02,8.279676147474795016e+02
5.480000000000000426e-01,2.116417924699151229e-02,9.600754667764529131e+02,8.509651586928079041e+02
5.500000000000000444e-01,2.142838778755216250e-02,9.919641475038464478e+02,8.742856445326558514e+02
5.520000000000000462e-01,2.167171805351316913e-02,1.022975205176412146e+03,8.976156030288116199e+02
5.540000000000000480e-01,2.189311489486082951e-02,1.052562465648928310e+03,9.207918701186391672e+02
5.560000000000000497e-01,2.209147377276568167e-02,1.080440276605497502e+03,9.434239233412486101e+02
5.580000000000000515e-01,2.226567799837553610e-02,1.106209585203012693e+03,9.649793505872542028e+02
5.600000000000000533e-01,2.241472969518197578e-02,1.129027597872953493e+03,9.847931640636779775e+02
5.620000000000000551e-01,2.253783895171383028e-02,1.148163942434224509e+03,1.002097026368169395e+03
5.640000000000000568e-01,2.263434760006902829e-02,1.163175314680426254e+03,1.016063251953851477e+03
5.660000000000000586e-01,2.270369747578437902e-02,1.173807357098794910e+03,1.025878237305104449e+03
5.680000000000000604e-01,2.274550400755465107e-02,1.179601894394623969e+03,1.030856845703193358e+03
5.700000000000000622e-01,2.275961895417307965e-02,1.179932400696723334e+03,1.030562426757516732e+03
5.720000000000000639e-01,2.274619853430541461e-02,1.174740961901261699e+03,1.024896853026695680e+03
5.740000000000000657e-01,2.270564671765892828e-02,1.164601676503910312e+03,1.014118369139659876e+03
5.760000000000000675e-01,2.263849551911622376e-02,1.149814498505508482e+03,9.985961230459083708e+02
5.779999999999999583e-01,2.254538112791890092e-02,1.130518753300111030e+03,9.791575878894129801e+02
5.799999999999999600e-01,2.242709477067996934e-02,1.107151646801035895e+03,9.568829101548531071e+02
5.819999999999999618e-01,2.228458410929461467e-02,1.080591626766727359e+03,9.326293872055085785e+02
5.839999999999999636e-01,2.211889696410324763e-02,1.051735811367933593e+03,9.071616259749655455e+02
5.859999999999999654e-01,2.193113532985049158e-02,1.020908908957879476e+03,8.811122119124328265e+02
5.879999999999999671e-01,2.172248136826759532e-02,9.878494689130482129e+02,8.549726831038378805e+02
5.899999999999999689e-01,2.149419725816249446e-02,9.534062778268174725e+02,8.291044677718278990e+02
5.919999999999999707e-01,2.124755858621538498e-02,9.185265013089871218e+02,8.037536352523324013e+02
5.939999999999999725e-01,2.098387814399367557e-02,8.834732799257616307e+02,7.790750927719086576e+02
5.959999999999999742e-01,2.070455654423455222e-02,8.485225100118950650e+02,7.551591357407085070e+02
5.979999999999999760e-01,2.041100557999291076e-02,8.141927826269278512e+02,7.320459985337282660e+02
5.999999999999999778e-01,2.010456201176154603e-02,7.805529271706698182e+02,7.097355346665912066e+02
6.019999999999999796e-01,1.978649747314521062e-02,7.477026345252618285e+02,6.881782934556978262e+02
6.039999999999999813e-01,1.945807720001421770e-02,7.155868561981355924e+02,6.673744897448044640e+02
6.059999999999999831e-01,1.912059596713329077e-02,6.843986228682077808e+02,6.476594165026934888e+02
6.079999999999999849e-01,1.877528797358055460e-02,6.543739614887227845e+02,6.287785449207054853e+02
6.099999999999999867e-01,1.842331653804446176e-02,6.258797571353559306e+02,6.109610961903046018e+02
6.119999999999999885e-01,1.806584410905273663e-02,5.991106505600462242e+02,5.940766894520838832e+02
6.139999999999999902e-01,1.770399717814739524e-02,5.738705670171852944e+02,5.781239331044939718e+02
6.159999999999999920e-01,1.733874801646249561e-02,5.496680560916488503e+02,5.629677709951516817e+02
6.179999999999999938e-01,1.697091275549315881e-02,5.261626136585916811e+02,5.482093505850094743e+02
6.199999999999999956e-01,1.660119366492820298e-02,5.038786371606743160e+02,5.337769409170764447e+02
6.219999999999999973e-01,1.623030399633373921e-02,4.829021281293375978e+02,5.198558544913174728e+02
6.239999999999999991e-01,1.585887188150156626e-02,4.622527187563151756e+02,5.062065966788281344e+02
6.260000000000000009e-01,1.548729437976766217e-02,4.431119497996282348e+02,4.927334326163319247e+02
6.280000000000000027e-01,1.511580923843233726e-02,4.249804825668737749e+02,4.794317956534511609e+02
6.300000000000000044e-01,1.474474606494502460e-02,4.078671761246488359e+02,4.662838806143999477e+02
6.320000000000000062e-01,1.437464049286340736e-02,3.911925200892409293e+02,4.533904895011337999e+02
6.340000000000000080e-01,1.400607727678901578e-02,3.745581164905261176e+02,4.407229101554456747e+02
6.360000000000000098e-01,1.363960362157010282e-02,3.582420274736114152e+02,4.282499707023317796e+02
6.380000000000000115e-01,1.327578604574423948e-02,3.425198938254545737e+02,4.159354003898415044e+02
6.400000000000000133e-01,1.291520863453178222e-02,3.281419271126504782e+02,4.037793579093832932e+02
6.420000000000000151e-01,1.255827075145342364e-02,3.149573039402228005e+02,3.917889135734565684e+02
6.440000000000000169e-01,1.220507147072553110e-02,3.032005367559130491e+02,3.799628002922170253e+02
6.460000000000000187e-01,1.185554291334516702e-02,2.917632659298370754e+02,3.682952795402739525e+02
6.480000000000000204e-01,1.150966790926192217e-02,2.798668364288897692e+02,3.567813879387215366e+02
6.500000000000000222e-01,1.116757567188056757e-02,2.678541697329533235e+02,3.454216918938099639e+02
6.520000000000000240e-01,1.082945242736011240e-02,2.563586132862333216e+02,3.342310656731076506e+02
6.540000000000000258e-01,1.049547105814703681e-02,2.453979534240568796e+02,3.232012194817119735e+02
6.560000000000000275e-01,1.016586663532806356e-02,2.347583013534680276e+02,3.123378381340667715e+02
6.580000000000000293e-01,9.840990565474130175e-03,2.242730970387325442e+02,3.016500109856411314e+02
6.600000000000000311e-01,9.521218021681300547e-03,2.141675081503694287e+02,2.911478149407318483e+02
6.620000000000000329e-01,9.206871337919537990e-03,2.046062372409944601e+02,2.808397412102763724e+02
6.640000000000000346e-01,8.898214629691628477e-03,1.955939488176485099e+02,2.707331469720089103e+02
6.660000000000000364e-01,8.595523682858569048e-03,1.869683512492414081e+02,2.608349096673358076e+02
6.680000000000000382e-01,8.299000337981634820e-03,1.786936133831738118e+02,2.511502355950847232e+02
6.700000000000000400e-01,8.008714315940662631e-03,1.708335071218493226e+02,2.416803985589664876e+02
6.720000000000000417e-01,7.724663882430674207e-03,1.633327346792703452e+02,2.324243450921840406e+02
6.740000000000000435e-01,7.446802940886968793e-03,1.560767662438518357e+02,2.233797900384873003e+02
6.760000000000000453e-01,7.175057712811668507e-03,1.489279842674078225e+02,2.145517187494255325e+02
6.780000000000000471e-01,6.909335260524718941e-03,1.419933801065267858e+02,2.059359844965097466e+02
6.800000000000000488e-01,6.649539148416289992e-03,1.354867130941400433e+02,1.975200988764061947e+02
6.820000000000000506e-01,6.395586989338639637e-03,1.294075569189934640e+02,1.893007543939977211e+02
6.840000000000000524e-01,6.147408808633366036e-03,1.234853245866936362e+02,1.812753247065109861e+02
6.860000000000000542e-01,5.904980950153091400e-03,1.174872628265188013e+02,1.734423785395320010e+02
6.880000000000000560e-01,5.668303969042793461e-03,1.115894454552244355e+02,1.658012670893498637e+02
6.900000000000000577e-01,5.437353943279203683e-03,1.058901771277540860e+02,1.583509368891676843e+02
6.920000000000000595e-01,5.212108118043575801e-03,1.004412006833375983e+02,1.510902789301963480e+02
6.940000000000000613e-01,4.992560397883830971e-03,9.509561209543132065e+01,1.440187774653657300e+02
6.960000000000000631e-01,4.778733928374013368e-03,8.972221081769201589e+01,1.371368792720196268e+02
6.980000000000000648e-01,4.570720155127816313e-03,8.436618228381024664e+01,1.304470971675410453e+02
7.000000000000000666e-01,4.368646683312533627e-03,7.914698922303371376e+01,1.239531860347424868e+02
7.020000000000000684e-01,4.172646053130470850e-03,7.417778590325509924e+01,1.176762994380635092e+02
7.039999999999999591e-01,3.982817284108126389e-03,6.950596525532371572e+01,1.116028649898358935e+02
7.059999999999999609e-01,3.799209961204111537e-03,6.516879695913316084e+01,1.057342120357486692e+02
7.079999999999999627e-01,3.621827311344288664e-03,6.106986264462304348e+01,1.000700732418176813e+02
7.099999999999999645e-01,3.450645850009266546e-03,5.719850337401294382e+01,9.460956726038664044e+01
7.119999999999999662e-01,3.285597818343284106e-03,5.363962797348499123e+01,8.935031951870149669e+01
7.139999999999999680e-01,3.126597306504251723e-03,5.051915392270447569e+01,8.428940307584423408e+01
7.159999999999999698e-01,2.973536075810653042e-03,4.767473332328090407e+01,7.942306640593589862e+01
7.179999999999999716e-01,2.826270286221713949e-03,4.487328827565791300e+01,7.474678680389830276e+01
7.199999999999999734e-01,2.684645978720727553e-03,4.221846290351597020e+01,7.031751098605271011e+01
7.219999999999999751e-01,2.548479353819537666e-03,3.979265484849820211e+01,6.619591155979472319e+01
7.239999999999999769e-01,2.417531328791479826e-03,3.755673157637879456e+01,6.223822082494819341e+01
7.259999999999999787e-01,2.291545695303838677e-03,3.537774011143723385e+01,5.852872741674593016e+01
7.279999999999999805e-01,2.170302824559929272e-03,3.330993258885099806e+01,5.497012359595522923e+01
7.299999999999999822e-01,2.053647342442648481e-03,3.135301989257286337e+01,5.154915847755675884e+01
7.319999999999999840e-01,1.941444213208154109e-03,2.940820865057668598e+01,4.826180343606228718e+01
7.339999999999999858e-01,1.833548959066669997e-03,2.749762303094206928e+01,4.510365707376669064e+01
7.359999999999999876e-01,1.729834720751362862e-03,2.563688428790480955e+01,4.207110595683219856e+01
7.379999999999999893e-01,1.630197414845362385e-03,2.390474407824023118e+01,3.916098403911624359e+01
7.399999999999999911e-01,1.534571938674563624e-03,2.222019353167020839e+01,3.637132873516971188e+01
7.419999999999999929e-01,1.442921265855181623e-03,2.049297395312658310e+01,3.370094497663324518e+01
7.439999999999999947e-01,1.355194259289657340e-03,1.880308081647392626e+01,3.114814300520601620e+01
7.459999999999999964e-01,1.271323423887155395e-03,1.733673058560776425e+01,2.871101547225523376e+01
7.479999999999999982e-01,1.191244877217545938e-03,1.600605629587321133e+01,2.638771034225836232e+01
7.500000000000000000e-01,1.114877033827955423e-03,1.483860865475090307e+01,2.417575645432661346e+01
7.520000000000000018e-01,1.042084901558997358e-03,1.371034074701052319e+01,2.207983184800380272e+01
7.540000000000000036e-01,9.727094420391573263e-04,1.253207186930341877e+01,2.008583808885584077e+01
7.560000000000000053e-01,9.066020649981041801e-04,1.139773251484849936e+01,1.818948471056694061e+01
7.580000000000000071e-01,8.436433577718514647e-04,1.033073661141383681e+01,1.638718818652582598e+01
7.600000000000000089e-01,7.837414940362209120e-04,9.341646069379553552e+00,1.470144748676740321e+01
7.620000000000000107e-01,7.268224434852541774e-04,8.325117876629192892e+00,1.312402557362664091e+01
7.640000000000000124e-01,6.728356802886885455e-04,7.350886011168928036e+00,1.163155605306389795e+01
7.660000000000000142e-01,6.217345678980343510e-04,6.499444742648204709e+00,1.022265972128277767e+01
7.680000000000000160e-01,5.734587077037947610e-04,5.843439451675898511e+00,8.895512695226628352e+00
7.700000000000000178e-01,5.279404776574168380e-04,5.347942839007604476e+00,7.665520286484429846e+00
7.720000000000000195e-01,4.850885458692957299e-04,4.894086600297573142e+00,6.582623748711262657e+00
7.740000000000000213e-01,4.447819061345708019e-04,4.482137652455147503e+00,5.617502632081421865e+00
7.760000000000000231e-01,4.068731343685811816e-04,4.151503990978522296e+00,4.740864601075817752e+00
7.780000000000000249e-01,3.712022516408382137e-04,3.835258448877784332e+00,3.924959545080597412e+00
7.800000000000000266e-01,3.376147558290920462e-04,3.491676590467196917e+00,3.199131488752752439e+00
7.820000000000000284e-01,3.059693229217437180e-04,3.137555959655006887e+00,2.587967967948857417e+00
7.840000000000000302e-01,2.761533224219903213e-04,2.735144937091835260e+00,2.074249286617596777e+00
7.860000000000000320e-01,2.480843219014108327e-04,2.276902341790915330e+00,1.621352996797493118e+00
7.880000000000000338e-01,2.217062745063529323e-04,1.804047955497491529e+00,1.216625242206588631e+00
7.900000000000000355e-01,1.969969731418430505e-04,1.344524842917987684e+00,8.389886140576359175e-01
7.920000000000000373e-01,1.739582055101784994e-04,8.934548755834903488e-01,5.065250825697917847e-01
7.940000000000000391e-01,1.525992014941124450e-04,5.000433845922565013e-01,2.538885569430803790e-01
7.960000000000000409e-01,1.329088078654443498e-04,2.017464305602523211e-01,7.936893492241581249e-02
7.980000000000000426e-01,1.148610266160616871e-04,6.975929153650284320e-02,1.322017721642505285e-03
8.000000000000000444e-01,9.842038514172201833e-05,4.890485477783457213e-02,0.000000000000000000e+00
8.020000000000000462e-01,8.354305316684574581e-05,4.678702204718732105e-02,0.000000000000000000e+00
8.040000000000000480e-01,7.016681759707311147e-05,0.000000000000000000e+00,0.000000000000000000e+00
8.060000000000000497e-01,5.822221053873022752e-05,2.245742795889071886e-03,0.000000000000000000e+00
8.080000000000000515e-01,4.762765882079911359e-05,7.839569647802235863e-02,0.000000000000000000e+00
8.100000000000000533e-01,3.828549968493000634e-05,2.101973793993501261e-01,0.000000000000000000e+00
8.120000000000000551e-01,3.010826484014117471e-05,3.631765829322937122e-01,0.000000000000000000e+00
8.140000000000000568e-01,2.302788188924864742e-05,4.681286935524902049e-01,0.000000000000000000e+00
8.160000000000000586e-01,1.697939447098839689e-05,5.236490534418933862e-01,0.000000000000000000e+00
8.180000000000000604e-01,1.190270612209687384e-05,5.541273357992615445e-01,0.000000000000000000e+00
8.200000000000000622e-01,7.756292810700672147e-06,6.320046293082306477e-01,0.000000000000000000e+00
8.220000000000000639e-01,4.514731640746561024e-06,8.346486819667155999e-01,0.000000000000000000e+00
8.240000000000000657e-01,2.158806168949922796e-06,1.099389605605225029e+00,0.000000000000000000e+00
8.260000000000000675e-01,6.679487131009410080e-07,1.387862423161696057e+00,0.000000000000000000e+00
8.280000000000000693e-01,0.000000000000000000e+00,1.700262336702166976e+00,0.000000000000000000e+00
8.300000000000000711e-01,5.577626005148772434e-08,2.163280673085793637e+00,0.000000000000000000e+00
8.320000000000000728e-01,6.624759402029667526e-07,2.720265126824223501e+00,0.000000000000000000e+00
8.339999999999999636e-01,1.640053991403434007e-06,3.129184531941557879e+00,0.000000000000000000e+00
8.359999999999999654e-01,2.871014537452865131e-06,3.339644317783925231e+00,0.000000000000000000e+00
8.379999999999999671e-01,4.309380467301338072e-06,3.432997887537986514e+00,0.000000000000000000e+00
8.399999999999999689e-01,5.956093646705795772e-06,3.537453976256575316e+00,0.000000000000000000e+00
8.419999999999999707e-01,7.829060857552860866e-06,3.605527414672042852e+00,0.000000000000000000e+00
8.439999999999999725e-01,9.951425661000713139e-06,3.668817032539006817e+00,0.000000000000000000e+00
8.459999999999999742e-01,1.235121176480902267e-05,3.784552778197660672e+00,0.000000000000000000e+00
8.479999999999999760e-01,1.505416533080605775e-05,3.947962765944780017e+00,0.000000000000000000e+00
8.499999999999999778e-01,1.807582380709860001e-05,4.152948762869183241e+00,0.000000000000000000e+00
8.519999999999999796e-01,2.142365176260696655e-05,4.360642185158500439e+00,0.000000000000000000e+00
8.539999999999999813e-01,2.509019764430320165e-05,4.582921163681195509e+00,0.000000000000000000e+00
8.559999999999999831e-01,2.904943870784926316e-05,4.859322439678610550e+00,0.000000000000000000e+00
8.579999999999999849e-01,3.325728410450779285e-05,5.209975901034720636e+00,0.000000000000000000e+00
8.599999999999999867e-01,3.766302512990548929e-05,5.523985855186069216e+00,0.000000000000000000e+00
8.619999999999999885e-01,4.222093021829920444e-05,5.769813093941063897e+00,0.000000000000000000e+00
8.639999999999999902e-01,4.688561444655903133e-05,6.001886036034111527e+00,0.000000000000000000e+00
8.659999999999999920e-01,5.161972124940206207e-05,6.215075912785824386e+00,0.000000000000000000e+00
8.679999999999999938e-01,5.641167939229774269e-05,6.381130385601522903e+00,0.000000000000000000e+00
8.699999999999999956e-01,6.126958355995881810e-05,6.546316426006185907e+00,0.000000000000000000e+00
8.719999999999999973e-01,6.620570040015038747e-05,6.725273086024277092e+00,0.000000000000000000e+00
8.739999999999999991e-01,7.123032096834691965e-05,6.971834342823267860e+00,3.427511092738984408e-04
8.760000000000000009e-01,7.634255586285831462e-05,7.259593865631529752e+00,2.111969646244295923e-02
8.780000000000000027e-01,8.152288622105175364e-05,7.506412994036978148e+00,5.876615658708514434e-02
8.800000000000000044e-01,8.674638580844274186e-05,7.684962592342866827e+00,1.179159075067990337e-01
8.820000000000000062e-01,9.199977585405961198e-05,7.866562637732794627e+00,1.908521205243389196e-01
8.840000000000000080e-01,9.728005192140187405e-05,8.103605231145682097e+00,2.705408430156153177e-01
8.860000000000000098e-01,1.025765456764933319e-04,8.300447705956077726e+00,3.626138329578093566e-01
8.880000000000000115e-01,1.078622563556592669e-04,8.358839868095127912e+00,4.653657233788277559e-01
8.900000000000000133e-01,1.131085936451015029e-04,8.411774537314087752e+00,5.677967786861476407e-01
8.920000000000000151e-01,1.182980474838934970e-04,8.629873256980328478e+00,6.690554356646687406e-01
8.940000000000000169e-01,1.234287814572088094e-04,8.913052451840545842e+00,7.692282128404950292e-01
8.960000000000000187e-01,1.285102150161687707e-04,9.078460459614543510e+00,8.683754825662970411e-01
8.980000000000000204e-01,1.335483632949099322e-04,9.138287667152820148e+00,9.712840628702238410e-01
9.000000000000000222e-01,1.385386549915530545e-04,9.232560870356170568e+00,1.080703496940723651e+00
9.020000000000000240e-01,1.434773448117674451e-04,9.366803889268290106e+00,1.188821954734911035e+00
9.040000000000000258e-01,1.483747231693115427e-04,9.532728752852442256e+00,1.302538146981383260e+00
9.060000000000000275e-01,1.532518671506046860e-04,9.737499960088545237e+00,1.429506816873377550e+00
9.080000000000000293e-01,1.581126291644174983e-04,1.002760215715368020e+01,1.563168077478694018e+00
9.100000000000000311e-01,1.629362908781111213e-04,1.027514023446190095e+01,1.704033470163955455e+00
9.120000000000000329e-01,1.676933925168526613e-04,1.048388394894854869e+01,1.847860107432291343e+00
9.140000000000000346e-01,1.723504438556169350e-04,1.072208862636877669e+01,1.991252908716859116e+00
9.160000000000000364e-01,1.768799450361591217e-04,1.092191092115788109e+01,2.131197347650895857e+00
9.180000000000000382e-01,1.812739128070539531e-04,1.109713136242482889e+01,2.267431097040281340e+00
9.200000000000000400e-01,1.855452488552114076e-04,1.115126760167685305e+01,2.400486135492324369e+00
9.220000000000000417e-01,1.897098410103090921e-04,1.117421886969776423e+01,2.537978382120632315e+00
9.240000000000000435e-01,1.937751488433025993e-04,1.128776524728801078e+01,2.676640529642389854e+00
9.260000000000000453e-01,1.977440244922608087e-04,1.151478714505133993e+01,2.812292156229269313e+00
9.280000000000000471e-01,2.016248931176072338e-04,1.171013521563093462e+01,2.955701026926925934e+00
9.300000000000000488e-01,2.054277115228018286e-04,1.178474532567969035e+01,3.100563859950232093e+00
9.320000000000000506e-01,2.091676384221585749e-04,1.187458337146633625e+01,3.245857372294413956e+00
9.340000000000000524e-01,2.128524749768061512e-04,1.201796774789495359e+01,3.389026899348097199e+00
9.360000000000000542e-01,2.164731592294515496e-04,1.219367884850160877e+01,3.529934835444094698e+00
9.380000000000000560e-01,2.200078508503100581e-04,1.235827988006889555e+01,3.667745418558463477e+00
9.400000000000000577e-01,2.234372159354549507e-04,1.254295776198723544e+01,3.802104139337596056e+00
9.420000000000000595e-01,2.267482767481023855e-04,1.273507957477312758e+01,3.932522745141722620e+00
9.440000000000000613e-01,2.299215783470582967e-04,1.299020243454294032e+01,4.058591861733767736e+00
9.460000000000000631e-01,2.329493471325552126e-04,1.323878084873931371e+01,4.179923439034444854e+00
9.480000000000000648e-01,2.358355498652517953e-04,1.336233626122202978e+01,4.296713428505547938e+00
9.500000000000000666e-01,2.385914509892579486e-04,1.337097158893135784e+01,4.409271717079496611e+00
9.520000000000000684e-01,2.412406998311542776e-04,1.341331286370506248e+01,4.518057212837513603e+00
9.540000000000000702e-01,2.437998041535998034e-04,1.353550693159992946e+01,4.623819808967660094e+00
9.560000000000000719e-01,2.462719284396577293e-04,1.359068271762349056e+01,4.730399513252471877e+00
9.580000000000000737e-01,2.486568361746037729e-04,1.364391178456313369e+01,4.835228576667751632e+00
9.599999999999999645e-01,2.509512120369503520e-04,1.368932027145744357e+01,4.936833763129898855e+00
9.619999999999999662e-01,2.531416360145062193e-04,1.378024691456659312e+01,5.034830703742396274e+00
9.639999999999999680e-01,2.552140536194524921e-04,1.387454018140367040e+01,5.128931159979876142e+00
9.659999999999999698e-01,2.571614790405494155e-04,1.390853926587447020e+01,5.218880558020334348e+00
9.679999999999999716e-01,2.589873146337069655e-04,1.388219168679973237e+01,5.304769077307116554e+00
9.699999999999999734e-01,2.606945596626033786e-04,1.388912574321011917e+01,5.386693096166682793e+00
9.719999999999999751e-01,2.622880144634010240e-04,1.396807640622235525e+01,5.464811267858296517e+00
9.739999999999999769e-01,2.637775874152019622e-04,1.402082105921266830e+01,5.539350776677627763e+00
9.759999999999999787e-01,2.651743438376534642e-04,1.408573961435595479e+01,5.610641975408070969e+00
9.779999999999999805e-01,2.664894396264507652e-04,1.405440537386637700e+01,5.678907146458879396e+00
9.799999999999999822e-01,2.677329299727020540e-04,1.399949768702670738e+01,5.744735050206237759e+00
9.819999999999999840e-01,2.689146295620528063e-04,1.396000258576191655e+01,5.808308372502212436e+00
9.839999999999999858e-01,2.700394386760507468e-04,1.399131799980156288e+01,5.869868431095794925e+00
9.859999999999999876e-01,2.711050666989543029e-04,1.405311339909832569e+01,5.929215164188888387e+00
9.879999999999999893e-01,2.721078300064512122e-04,1.409927801154362115e+01,5.986290245060287063e+00
9.899999999999999911e-01,2.730439854366011293e-04,1.415635658072965342e+01,6.041054534916058927e+00
9.919999999999999929e-01,2.739084197590031713e-04,1.419140418398915315e+01,6.093361053470546018e+00
9.939999999999999947e-01,2.746949911734013531e-04,1.421039363528953814e+01,6.142915859225944963e+00
9.959999999999999964e-01,2.753990765570009294e-04,1.429205407793317661e+01,6.189732379916631722e+00
9.979999999999999982e-01,2.760190310445018906e-04,1.442229762282994088e+01,6.233643741610736200e+00
1.000000000000000000e+00,2.765567861595510457e-04,1.447081226539343746e+01,6.230297088623046875e+00
