time_s,J1,J2,J3,J4,J5,J6
1.0041666666666667,2.8025002,0.14962283,-0.59892,-6.2132e-41,-0.8222535,-2.0345552
1.0083333333333333,2.8025002,0.14978242,-0.59900314,-1.07396e-40,-0.8220107,-2.0345552
1.0125,2.8025002,0.1499454,-0.59908795,-1.26138e-40,-0.8217629,-2.0345552
1.0166666666666666,2.8025002,0.15010858,-0.5991728,-1.24141e-40,-0.821515,-2.0345552
1.0208333333333333,2.8025002,0.15026891,-0.5992559,-1.07185e-40,-0.82127154,-2.0345552
1.025,2.8025002,0.15042321,-0.59933585,-8.1054e-41,-0.8210372,-2.0345552
1.0291666666666666,2.8025002,0.15056841,-0.599411,-5.1526e-41,-0.82081676,-2.0345552
1.0333333333333332,2.8025005,0.15070137,-0.59947985,-2.438e-41,-0.820615,-2.0345552
1.0375,2.8025005,0.15081899,-0.5995407,-5.4e-42,-0.8204365,-2.0345552
1.0416666666666667,2.8025005,0.15093145,-0.59959906,-2.27e-43,-0.8202659,-2.0345552
1.0458333333333334,2.8025002,0.15106378,-0.59966743,-1.051e-42,-0.82006514,-2.0345552
1.05,2.8025002,0.15114217,-0.59970766,-1.079e-42,-0.8199465,-2.0345552
1.0541666666666667,2.8025002,0.15119073,-0.59973234,-6.73e-43,-0.8198733,-2.0345552
1.0583333333333333,2.8025002,0.15123366,-0.59975404,-1.93e-43,-0.81980866,-2.0345552
1.0625,2.8025005,0.15129063,-0.59978294,0.0,-0.8197228,-2.0345552
1.0666666666666667,2.8025002,0.15133059,-0.59980327,0.0,-0.8196625,-2.0345552
1.0708333333333333,2.8025002,0.15137193,-0.59982437,0.0,-0.81960005,-2.0345552
1.075,2.8025002,0.15141387,-0.5998456,-0.0,-0.81953686,-2.0345552
1.0791666666666666,2.8025002,0.15145566,-0.5998668,0.0,-0.8194738,-2.0345552
1.0833333333333333,2.8025002,0.15149651,-0.59988755,0.0,-0.8194123,-2.0345552
1.0875,2.8025002,0.15153566,-0.5999074,0.0,-0.8193533,-2.0345552
1.0916666666666666,2.8025002,0.15157232,-0.59992594,0.0,-0.8192981,-2.0345552
1.0958333333333332,2.8025005,0.15160573,-0.5999429,0.0,-0.8192477,-2.0345552
1.1,2.8025005,0.15163508,-0.59995776,0.0,-0.8192035,-2.0345552
1.1041666666666667,2.8025005,0.15165977,-0.5999702,0.0,-0.8191663,-2.0345552
1.1083333333333334,2.8025002,0.1516803,-0.59998065,0.0,-0.81913537,-2.0345552
1.1125,2.8025002,0.15169728,-0.5999892,0.0,-0.81910986,-2.0345552
1.1166666666666667,2.8025002,0.1517112,-0.59999615,0.0,-0.819089,-2.0345552
1.1208333333333333,2.8025002,0.15172257,-0.6000018,0.0,-0.8190719,-2.0345552
1.125,2.8025002,0.15173192,-0.6000066,0.0,-0.8190579,-2.0345552
1.1291666666666667,2.8025002,0.15173979,-0.60001045,0.0,-0.819046,-2.0345552
1.1333333333333333,2.8025002,0.15174669,-0.60001385,0.0,-0.8190357,-2.0345552
1.1375,2.8025005,0.15175314,-0.6000171,0.0,-0.81902605,-2.0345552
1.1416666666666666,2.8025005,0.15175962,-0.6000203,0.0,-0.8190163,-2.0345552
1.1458333333333333,2.8025005,0.15176944,-0.6000253,0.0,-0.8190016,-2.0345552
1.15,2.8025002,0.15177469,-0.6000279,0.0,-0.8189937,-2.0345552
1.1541666666666666,2.8025002,0.15177658,-0.6000289,0.0,-0.8189908,-2.0345552
1.1583333333333332,2.8025002,0.15177685,-0.600029,0.0,-0.81899047,-2.0345552
1.1625,2.8025005,0.15177715,-0.6000291,0.0,-0.81899005,-2.0345552
1.1666666666666667,2.8025005,0.15177773,-0.6000294,0.0,-0.81898916,-2.0345552
1.1708333333333334,2.8025002,0.15177833,-0.6000297,0.0,-0.81898826,-2.0345552
1.175,2.8025002,0.15177886,-0.60002995,0.0,-0.8189875,-2.0345552
1.1791666666666667,2.8025002,0.15177926,-0.6000302,0.0,-0.8189869,-2.0345552
1.1833333333333333,2.8025002,0.15177947,-0.6000303,0.0,-0.81898654,-2.0345552
1.1875,2.8025002,0.1517794,-0.60003024,0.0,-0.81898665,-2.0345552
1.1916666666666667,2.8025002,0.15177895,-0.60003006,0.0,-0.8189873,-2.0345552
1.1958333333333333,2.8025002,0.15177809,-0.6000296,0.0,-0.8189886,-2.0345552
1.2,2.8025005,0.15177667,-0.6000289,0.0,-0.81899077,-2.0345552
1.2041666666666666,2.8025005,0.15177466,-0.60002786,0.0,-0.8189938,-2.0345552
1.2083333333333333,2.8025005,0.15177198,-0.60002655,0.0,-0.818998,-2.0345552
1.2125,2.8025005,0.15176852,-0.6000249,0.0,-0.819003,-2.0345552
1.2166666666666666,2.8025002,0.15176499,-0.6000231,0.0,-0.81900823,-2.0345552
1.2208333333333332,2.8025002,0.1517612,-0.60002124,0.0,-0.81901383,-2.0345552
1.225,2.8025002,0.15175693,-0.6000191,0.0,-0.8190202,-2.0345552
1.2291666666666667,2.8025002,0.15175189,-0.6000166,0.0,-0.8190278,-2.0345552
1.2333333333333334,2.8025002,0.15174587,-0.60001355,0.0,-0.81903684,-2.0345552
1.2375,2.8025002,0.15173863,-0.6000099,0.0,-0.8190477,-2.0345552
1.2416666666666667,2.8025002,0.15172987,-0.60000545,0.0,-0.8190608,-2.0345552
1.2458333333333333,2.8025005,0.15171939,-0.6000002,0.0,-0.8190766,-2.0345552
1.25,2.8025005,0.15170692,-0.599994,0.0,-0.8190954,-2.0345552
1.2541666666666667,2.8025002,0.15169376,-0.59998745,0.0,-0.8191151,-2.0345552
1.2583333333333333,2.8025002,0.15168135,-0.5999811,0.0,-0.8191338,-2.0345552
1.2625,2.8025002,0.15166865,-0.5999749,0.0,-0.8191528,-2.0345552
1.2666666666666666,2.8025002,0.15165469,-0.5999678,0.0,-0.81917375,-2.0345552
1.2708333333333333,2.8025002,0.15163842,-0.5999597,0.0,-0.8191982,-2.0345552
1.275,2.8025002,0.1516188,-0.59994984,0.0,-0.8192277,-2.0345552
1.2791666666666666,2.8025002,0.15159483,-0.5999377,0.0,-0.81926376,-2.0345552
1.2833333333333332,2.8025005,0.1515655,-0.59992284,0.0,-0.8193079,-2.0345552
1.2875,2.8025005,0.15152977,-0.59990466,0.0,-0.81936187,-2.0345552
1.2916666666666667,2.8025005,0.15148786,-0.59988326,0.0,-0.8194252,-2.0345552
1.2958333333333334,2.8025002,0.15144017,-0.599859,0.0,-0.8194971,-2.0345552
1.3,2.8025002,0.15138596,-0.59983134,0.0,-0.819579,-2.0345552
1.3041666666666667,2.8025002,0.15132637,-0.599801,0.0,-0.81966895,-2.0345552
1.3083333333333333,2.8025002,0.15126264,-0.5997684,0.0,-0.81976527,-2.0345552
1.3125,2.8025002,0.1511959,-0.5997343,0.0,-0.81986606,-2.0345552
1.3166666666666667,2.8025002,0.15112737,-0.5996994,0.0,-0.81996953,-2.0345552
1.3208333333333333,2.8025002,0.15105821,-0.59966403,0.0,-0.82007414,-2.0345552
1.325,2.8025005,0.1509896,-0.5996289,0.0,-0.82017773,-2.0345552
1.3291666666666666,2.8025005,0.15092273,-0.59959465,0.0,-0.8202788,-2.0345552
1.3333333333333333,2.8025005,0.15085378,-0.59955925,0.0,-0.8203833,-2.0345552
1.3375,2.8025002,0.1507563,-0.5995095,0.0,-0.82053053,-2.0345552
1.3416666666666666,2.8025002,0.15068245,-0.5994721,0.0,-0.8206418,-2.0345552
1.3458333333333332,2.8025002,0.15059246,-0.5994261,0.0,-0.82077783,-2.0345552
1.35,2.8025002,0.15044647,-0.59935063,0.0,-0.8209993,-2.0345552
1.3541666666666667,2.8025005,0.1502106,-0.5992278,0.0,-0.82135797,-2.0345552
1.3583333333333334,2.8025002,0.15004943,-0.599144,0.0,-0.8216028,-2.0345552
1.3625,2.8025002,0.14987172,-0.5990521,0.0,-0.8218725,-2.0345552
1.3666666666666667,2.8025002,0.149677,-0.5989515,0.0,-0.8221678,-2.0345552
1.3708333333333333,2.8025002,0.14946477,-0.5988418,0.0,-0.82248974,-2.0345552
1.375,2.8025002,0.14923455,-0.59872234,0.0,-0.8228393,-2.0345552
1.3791666666666667,2.8025002,0.14898592,-0.5985928,0.0,-0.8232175,-2.0345552
1.3833333333333333,2.8025002,0.14871836,-0.59845275,0.0,-0.82362515,-2.0345552
1.3875,2.8025005,0.14843139,-0.59830153,0.0,-0.8240633,-2.0345552
1.3916666666666666,2.8025005,0.14812456,-0.59813875,0.0,-0.8245329,-2.0345552
1.3958333333333333,2.8025005,0.1477975,-0.597964,0.0,-0.8250348,-2.0345552
1.4,2.8025002,0.14745264,-0.59777987,0.0,-0.8255637,-2.0345552
1.4041666666666666,2.8025002,0.14709066,-0.5975871,0.0,-0.8261185,-2.0345552
1.4083333333333332,2.8025002,0.14671054,-0.59738445,0.0,-0.8267013,-2.0345552
1.4125,2.8025002,0.14631134,-0.5971711,0.0,-0.8273139,-2.0345552
1.4166666666666667,2.8025002,0.14589207,-0.5969459,0.0,-0.82795835,-2.0345552
1.4208333333333334,2.8025002,0.14545181,-0.5967079,0.0,-0.8286366,-2.0345552
1.425,2.8025002,0.14498955,-0.5964561,0.0,-0.8293507,-2.0345552
1.4291666666666667,2.8025005,0.14450432,-0.59618944,0.0,-0.8301027,-2.0345552
1.4333333333333333,2.8025005,0.14399521,-0.59590685,0.0,-0.8308944,-2.0345552
1.4375,2.8025005,0.14345403,-0.59560335,0.0,-0.8317389,-2.0345552
1.4416666666666667,2.8025002,0.14285411,-0.5952646,0.0,-0.83267766,-2.0345552
1.4458333333333333,2.8025002,0.14220805,-0.5948978,0.0,-0.8336904,-2.0345552
1.45,2.8025002,0.14152822,-0.5945104,0.0,-0.8347578,-2.0345552
1.4541666666666666,2.8025002,0.14082685,-0.594109,0.0,-0.8358605,-2.0345552
1.4583333333333333,2.8025002,0.14011635,-0.5937009,0.0,-0.8369791,-2.0345552
1.4625,2.8025002,0.13940895,-0.59329313,0.0,-0.8380943,-2.0345552
1.4666666666666666,2.8025002,0.138717,-0.59289277,0.0,-0.8391866,-2.0345552
1.4708333333333332,2.8025005,0.13805278,-0.59250677,0.0,-0.84023684,-2.0345552
1.475,2.8025005,0.13742861,-0.59214234,0.0,-0.8412254,-2.0345552
1.4791666666666667,2.8025005,0.13656884,-0.5916395,0.0,-0.84258795,-2.0345552
1.4833333333333334,2.8025002,0.13581806,-0.5912017,0.0,-0.8437765,-2.0345552
1.4875,2.8025002,0.13511997,-0.59078926,0.0,-0.8448871,-2.0345552
1.4916666666666667,2.8025002,0.1342933,-0.590289,0.0,-0.846214,-2.0345552
1.4958333333333333,2.8025005,0.13315699,-0.5895878,0.0,-0.8480514,-2.0345552
1.5,2.8025005,0.13193832,-0.5888286,0.0,-0.8500294,-2.0345552
1.5041666666666667,2.8025002,0.13092273,-0.58819634,8e-45,-0.85167724,-2.0345552
1.5083333333333333,2.8025002,0.1298006,-0.5874978,2e-44,-0.853498,-2.0345552
1.5125,2.8025002,0.12858713,-0.58674085,3.4e-44,-0.8554684,-2.0345552
1.5166666666666666,2.8025002,0.1272973,-0.58593357,4.8e-44,-0.85756546,-2.0345552
1.5208333333333333,2.8025002,0.12594633,-0.58508396,5.6e-44,-0.859766,-2.0345552
1.525,2.8025002,0.124549195,-0.5842,5.9e-44,-0.8620471,-2.0345552
1.5291666666666666,2.8025002,0.12312113,-0.58328974,5.5e-44,-0.8643854,-2.0345552
1.5333333333333332,2.8025005,0.12167712,-0.5823611,3.6e-44,-0.86675805,-2.0345552
1.5375,2.8025005,0.12023236,-0.5814221,6e-45,-0.8691418,-2.0345552
1.5416666666666667,2.8025005,0.118740454,-0.58044446,1.0252e-41,-0.8716114,-2.0345552
1.5458333333333334,2.8025002,0.117194586,-0.579428,4.1338e-41,-0.8741737,-2.0345552
1.55,2.8025002,0.11560594,-0.57837903,8.4077e-41,-0.8768114,-2.0345552
1.5541666666666667,2.8025002,0.11398164,-0.5773007,1.29064e-40,-0.879514,-2.0345552
1.5583333333333333,2.8025002,0.112329,-0.5761967,1.66893e-40,-0.88227063,-2.0345552
1.5625,2.8025002,0.11065513,-0.57507026,1.88164e-40,-0.8850709,-2.0345552
1.5666666666666667,2.8025002,0.10896736,-0.57392496,1.83468e-40,-0.887904,-2.0345552
1.5708333333333333,2.8025005,0.10727279,-0.57276404,1.43406e-40,-0.8907594,-2.0345552
1.575,2.8025005,0.105578765,-0.5715911,5.8574e-41,-0.89362633,-2.0345552
1.5791666666666666,2.8025005,0.10393957,-0.5704427,7.214e-41,-0.89641416,-2.0345552
1.5833333333333333,2.8025002,0.10228027,-0.5692665,8.67932e-40,-0.8992496,-2.0345552
1.5875,2.8025002,0.10055787,-0.5680343,2.248e-39,-0.9022042,-2.0345552
1.5916666666666666,2.8025002,0.0988014,-0.5667683,3.880989e-39,-0.90522665,-2.0345552
1.5958333333333332,2.8025002,0.09703972,-0.5654906,5.435707e-39,-0.9082661,-2.0345552
1.6,2.8025002,0.09530183,-0.56422323,6.580813e-39,-0.91127133,-2.0345552
1.6041666666666667,2.8025002,0.093616724,-0.56298846,6.985017e-39,-0.9141912,-2.0345552
1.6083333333333334,2.8025002,0.092013255,-0.5618082,6.317052e-39,-0.9169749,-2.0345552
1.6125,2.8025005,0.09052046,-0.5607049,4.245688e-39,-0.91957104,-2.0345552
1.6166666666666667,2.8025005,0.08916719,-0.5597004,4.39503e-40,-0.9219288,-2.0345552
1.6208333333333333,2.8025005,0.08753245,-0.5584813,4.5316867e-37,-0.9247826,-2.0345552
1.625,2.8025002,0.085890606,-0.5572481,3.8432646e-36,-0.92765766,-2.0345552
1.6291666666666667,2.8025002,0.08468169,-0.5563163,7.974689e-36,-0.92979836,-2.0345552
1.6333333333333333,2.8025002,0.0835597,-0.5554147,9.738988e-36,-0.93182206,-2.0345552
1.6375,2.8025002,0.082178764,-0.55427164,6.027482e-36,-0.93434596,-2.0345552
1.6416666666666666,2.8025005,0.080640756,-0.5529889,7.555821e-35,-0.93716675,-2.0345552
1.6458333333333333,2.8025002,0.07945299,-0.55199546,8.464809e-34,-0.9393479,-2.0345552
1.65,2.8025002,0.07816177,-0.5509112,2.1923376e-33,-0.94172335,-2.0345552
1.6541666666666666,2.8025002,0.0767892,-0.549753,3.792861e-33,-0.9442541,-2.0345552
1.6583333333333332,2.8025002,0.07535725,-0.5485376,5.327943e-33,-0.94690144,-2.0345552
1.6624999999999999,2.8025002,0.073888,-0.5472819,6.477329e-33,-0.9496264,-2.0345552
1.6666666666666667,2.8025002,0.07240352,-0.5460026,6.92081e-33,-0.9523901,-2.0345552
1.6708333333333334,2.8025002,0.07092578,-0.5447166,6.338211e-33,-0.9551539,-2.0345552
1.675,2.8025005,0.0694769,-0.54344064,4.4093792e-33,-0.95787865,-2.0345552
1.6791666666666667,2.8025005,0.068078846,-0.5421914,8.139916e-34,-0.9605258,-2.0345552
1.6833333333333333,2.8025005,0.06671306,-0.54094994,5.5005774e-33,-0.96313334,-2.0345552
1.6875,2.8025002,0.06531507,-0.53965884,3.3796138e-32,-0.9658224,-2.0345552
1.6916666666666667,2.8025002,0.0638997,-0.53833497,7.584871e-32,-0.9685617,-2.0345552
1.6958333333333333,2.8025002,0.06248418,-0.5369967,1.211003e-31,-0.9713155,-2.0345552
1.7,2.8025002,0.06108584,-0.535663,1.5898822e-31,-0.9740475,-2.0345552
1.7041666666666666,2.8025002,0.059721865,-0.5343525,1.789542e-31,-0.976722,-2.0345552
1.7083333333333333,2.8025002,0.05840962,-0.5330839,1.7043714e-31,-0.97930294,-2.0345552
1.7125,2.8025005,0.057166297,-0.53187585,1.2287593e-31,-0.98175424,-2.0345552
1.7166666666666666,2.8025005,0.056009248,-0.53074723,2.5713516e-32,-0.98404,-2.0345552
1.7208333333333332,2.8025005,0.05481284,-0.5295767,6.010176e-31,-0.98640674,-2.0345552
1.7249999999999999,2.8025002,0.053355966,-0.52814484,2.1660877e-29,-0.98929554,-2.0345552
1.7291666666666667,2.8025002,0.05220533,-0.52699643,5.6317953e-29,-0.9915946,-2.0345552
1.7333333333333334,2.8025002,0.051175673,-0.5259396,8.31618e-29,-0.9936811,-2.0345552
1.7375,2.8025002,0.050081834,-0.52478296,8.0779256e-29,-0.9959317,-2.0345552
1.7416666666666667,2.8025005,0.048738558,-0.5233347,2.7757802e-29,-0.99872327,-2.0345552
1.7458333333333333,2.8025005,0.047546875,-0.5220404,7.73591e-28,-1.001209,-2.0345552
1.75,2.8025002,0.04647331,-0.52087086,4.331854e-27,-1.0034522,-2.0345552
1.7541666666666667,2.8025002,0.045324728,-0.51961464,9.696341e-27,-1.005857,-2.0345552
1.7583333333333333,2.8025002,0.04411713,-0.5182869,1.5670346e-26,-1.0083925,-2.0345552
1.7625,2.8025002,0.04286667,-0.51690304,2.1056554e-26,-1.0110267,-2.0345552
1.7666666666666666,2.8025002,0.041589346,-0.5154785,2.4658254e-26,-1.0137286,-2.0345552
1.7708333333333333,2.8025002,0.040301297,-0.5140286,2.5278283e-26,-1.0164665,-2.0345552
1.775,2.8025002,0.03901853,-0.5125687,2.1719646e-26,-1.0192093,-2.0345552
1.7791666666666666,2.8025005,0.03775715,-0.5111141,1.2785241e-26,-1.0219253,-2.0345552
1.7833333333333332,2.8025005,0.03653752,-0.5096854,-2.4906436e-27,-1.0245734,-2.0345552
1.7874999999999999,2.8025002,0.03536187,-0.508284,1.6668411e-27,-1.0271506,-2.0345552
1.7916666666666667,2.8025002,0.034148492,-0.5068165,3.3631914e-26,-1.0298313,-2.0345552
1.7958333333333334,2.8025002,0.032914214,-0.50530636,7.968048e-26,-1.0325758,-2.0345552
1.8,2.8025002,0.03167598,-0.5037767,1.2608451e-25,-1.0353435,-2.0345552
1.8041666666666667,2.8025002,0.03045061,-0.50225085,1.5912084e-25,-1.0380949,-2.0345552
1.8083333333333333,2.8025002,0.029255053,-0.50075203,1.650621e-25,-1.0407892,-2.0345552
1.8125,2.8025002,0.028106129,-0.49930346,1.3018281e-25,-1.0433866,-2.0345552
1.8166666666666667,2.8025002,0.027020782,-0.49792847,4.0759457e-26,-1.0458469,-2.0345552
1.8208333333333333,2.8025005,0.026015844,-0.49665022,-1.1693887e-25,-1.04813,-2.0345552
1.825,2.8025005,0.02510825,-0.49549213,-3.5662866e-25,-1.0501959,-2.0345552
1.8291666666666666,2.8025002,0.023737554,-0.4937384,1.03270665e-23,-1.0533203,-2.0345552
1.8333333333333333,2.8025002,0.022740072,-0.49244508,3.2888274e-23,-1.0556111,-2.0345552
1.8375,2.8025002,0.02190032,-0.49131894,5.1461032e-23,-1.0575771,-2.0345552
1.8416666666666666,2.8025002,0.021002896,-0.49006665,5.017712e-23,-1.0597268,-2.0345552
1.8458333333333332,2.8025005,0.019832406,-0.48839515,1.31706955e-23,-1.0625689,-2.0345552
1.8499999999999999,2.8025005,0.018826226,-0.48694873,1.01275774e-22,-1.0650214,-2.0345552
1.8541666666666667,2.8025002,0.017916625,-0.48563653,6.153488e-22,-1.0672432,-2.0345552
1.8583333333333334,2.8025002,0.016933467,-0.48421228,1.4003334e-21,-1.0696505,-2.0345552
1.8625,2.8025002,0.015893253,-0.48269776,2.2863048e-21,-1.0722054,-2.0345552
1.8666666666666667,2.8025002,0.014812373,-0.48111457,3.1034274e-21,-1.0748694,-2.0345552
1.8708333333333333,2.8025002,0.013707332,-0.47948453,3.681774e-21,-1.0776047,-2.0345552
1.875,2.8025002,0.0125945145,-0.47782916,3.851491e-21,-1.0803727,-2.0345552
1.8791666666666667,2.8025002,0.011490428,-0.47617036,3.44269e-21,-1.0831357,-2.0345552
1.8833333333333333,2.8025005,0.010411457,-0.47452965,2.2854596e-21,-1.0858554,-2.0345552
1.8875,2.8025005,0.009374105,-0.47292885,2.0998594e-22,-1.0884936,-2.0345552
1.8916666666666666,2.8025005,0.008359101,-0.4713334,-2.3152575e-21,-1.0911039,-2.0345552
1.8958333333333333,2.8025002,0.007316116,-0.46966362,-3.3242493e-21,-1.0938166,-2.0345552
1.9,2.8025002,0.0062606265,-0.46794823,-3.460499e-21,-1.0965875,-2.0345552
1.9041666666666666,2.8025002,0.005205836,-0.46621284,-3.6263485e-21,-1.0993776,-2.0345552
1.9083333333333332,2.8025002,0.004164948,-0.464483,-4.7241367e-21,-1.1021484,-2.0345552
1.9124999999999999,2.8025002,0.0031510757,-0.46278402,-7.6563e-21,-1.1048611,-2.0345552
1.9166666666666667,2.8025002,0.00217745,-0.46114153,-1.3325004e-20,-1.1074772,-2.0345552
1.9208333333333334,2.8025002,0.0012571898,-0.4595809,-2.2632948e-20,-1.1099582,-2.0345552
1.925,2.8025005,0.00040352042,-0.45812774,-3.648193e-20,-1.112265,-2.0345552
1.9291666666666667,2.8025005,-0.0003704338,-0.4568074,-5.577512e-20,-1.1143593,-2.0345552
1.9333333333333333,2.8025005,-0.0014663119,-0.4549377,9.5245854e-20,-1.117325,-2.0345552
1.9375,2.8025002,-0.0023234268,-0.45346308,5.960713e-19,-1.1196567,-2.0345552
1.9416666666666667,2.8025002,-0.0030061272,-0.4522469,1.0310538e-18,-1.1215556,-2.0345552
1.9458333333333333,2.8025002,-0.0037236246,-0.45090505,9.650348e-19,-1.123615,-2.0345552
1.95,2.8025005,-0.004685045,-0.44905373,-3.714868e-20,-1.1264279,-2.0345552
1.9541666666666666,2.8025005,-0.0054881186,-0.44749197,-1.0789898e-18,-1.1287925,-2.0345552
1.9583333333333333,2.8025002,-0.006245769,-0.44600433,-1.5961467e-18,-1.1310378,-2.0345552
1.9625,2.8025002,-0.007077081,-0.4443607,-1.9718063e-18,-1.1335129,-2.0345552
1.9666666666666666,2.8025002,-0.007959786,-0.4426053,-2.4107838e-18,-1.136151,-2.0345552
1.9708333333333332,2.8025002,-0.008871512,-0.44078252,-3.117839e-18,-1.1388854,-2.0345552
1.9749999999999999,2.8025002,-0.009789995,-0.43893656,-4.297806e-18,-1.1416497,-2.0345552
1.9791666666666667,2.8025002,-0.010692864,-0.43711185,-6.1554033e-18,-1.1443774,-2.0345552
1.9833333333333334,2.8025002,-0.011557854,-0.4353526,-8.89553e-18,-1.1470017,-2.0345552
1.9875,2.8025005,-0.012362595,-0.43370312,-1.2722814e-17,-1.149456,-2.0345552
1.9916666666666667,2.8025005,-0.013084816,-0.4322077,-1.784227e-17,-1.1516736,-2.0345552
1.9958333333333333,2.8025005,-0.014007376,-0.43027434,-1.2555607e-17,-1.1545295,-2.0345552
2.0,2.8025002,-0.014827821,-0.42853352,3.300447e-17,-1.1570907,-2.0345552
2.0041666666666664,2.8025002,-0.015502512,-0.42705542,8.2410324e-17,-1.1592435,-2.0345552
2.0083333333333333,2.8025002,-0.016171202,-0.4255253,9.341384e-17,-1.1614423,-2.0345552
2.0125,2.8025002,-0.016973747,-0.4236282,2.377775e-17,-1.1641418,-2.0345552
2.0166666666666666,2.8025005,-0.017959515,-0.42126635,-1.4607986e-16,-1.1674896,-2.0345552
2.0208333333333335,2.8025002,-0.018668514,-0.41956058,-1.3773882e-16,-1.1699044,-2.0345552
2.025,2.8025002,-0.019449033,-0.41767544,2.2700642e-17,-1.17257,-2.0345552
2.029166666666667,2.8025002,-0.020286812,-0.41564238,2.5511113e-16,-1.1754409,-2.0345552
2.033333333333333,2.8025002,-0.021167638,-0.41349283,4.7937607e-16,-1.1784711,-2.0345552
2.0375,2.8025002,-0.022077143,-0.41125858,6.1533937e-16,-1.1816149,-2.0345552
2.0416666666666665,2.8025002,-0.023001114,-0.40897098,5.8288657e-16,-1.1848265,-2.0345552
2.0458333333333334,2.8025005,-0.023925286,-0.4066615,3.018906e-16,-1.18806,-2.0345552
2.05,2.8025005,-0.024835449,-0.40436158,-3.078211e-16,-1.1912701,-2.034555
2.0541666666666667,2.8025005,-0.025717232,-0.40210298,-1.3263113e-15,-1.1944104,-2.034555
2.058333333333333,2.8025005,-0.026556632,-0.39991665,-2.8271791e-15,-1.1974363,-2.0345552
2.0625,2.8025002,-0.02737763,-0.39774442,-3.803958e-15,-1.2004294,-2.0345552
2.0666666666666664,2.8025002,-0.028201204,-0.3955384,-3.8590334e-15,-1.2034591,-2.0345552
2.0708333333333333,2.8025002,-0.029022733,-0.39331168,-3.5253566e-15,-1.2065073,-2.0345552
2.075,2.8025002,-0.029837744,-0.39107722,-3.3358855e-15,-1.2095568,-2.0345552
2.0791666666666666,2.8025002,-0.030641755,-0.38884774,-3.82361e-15,-1.2125905,-2.0345552
2.0833333333333335,2.8025005,-0.03143016,-0.38663644,-5.5214334e-15,-1.2155901,-2.0345552
2.0875,2.8025005,-0.032198474,-0.38445613,-8.962295e-15,-1.2185388,-2.0345552
2.091666666666667,2.8025002,-0.032942176,-0.38231978,-1.4679118e-14,-1.2214189,-2.034555
2.095833333333333,2.8025005,-0.033656787,-0.38024017,-2.320543e-14,-1.224213,-2.0345547
2.1,2.8025005,-0.034337696,-0.37823054,-3.5073236e-14,-1.2269034,-2.034555
2.1041666666666665,2.8025,-0.035024215,-0.37616134,-5.0355282e-14,-1.2296592,-2.034555
2.1083333333333334,2.8025,-0.03569075,-0.37410188,-6.7522593e-14,-1.2323852,-2.0345547
2.1125,2.8024998,-0.036334917,-0.37206724,-8.676381e-14,-1.235064,-2.0345547
2.1166666666666667,2.8024998,-0.03695419,-0.370073,-1.0826417e-13,-1.2376776,-2.0345542
2.120833333333333,2.8024995,-0.037546176,-0.36813423,-1.3221215e-13,-1.2402083,-2.0345542
2.125,2.8024995,-0.038108446,-0.36626634,-1.5879527e-13,-1.2426385,-2.0345542
2.1291666666666664,2.8024993,-0.038638584,-0.36448443,-1.8820267e-13,-1.2449505,-2.0345538
2.1333333333333333,2.8024988,-0.039134096,-0.36280397,-2.206185e-13,-1.2471265,-2.0345538
2.1375,2.8024988,-0.039592583,-0.36124015,-2.5623178e-13,-1.2491487,-2.0345533
2.1416666666666666,2.8024986,-0.04012833,-0.35940847,-2.991844e-13,-1.2515163,-2.034553
2.1458333333333335,2.802498,-0.04066485,-0.35755455,-2.971152e-13,-1.2539067,-2.034553
2.15,2.802498,-0.041054007,-0.35614806,-2.7860296e-13,-1.2557023,-2.0345533
2.154166666666667,2.8024983,-0.041400902,-0.35479277,-3.1593478e-13,-1.2574046,-2.0345528
2.158333333333333,2.802498,-0.041810665,-0.3530921,-4.814119e-13,-1.2595149,-2.0345519
2.1625,2.8024974,-0.04234871,-0.35081747,-8.181492e-13,-1.2623277,-2.0345495
2.1666666666666665,2.8024945,-0.04271757,-0.3492512,-9.79097e-13,-1.2642627,-2.0345485
2.1708333333333334,2.8024936,-0.043116663,-0.34754467,-1.0537782e-12,-1.2663684,-2.0345478
2.175,2.8024929,-0.043541756,-0.34571227,-1.0974637e-12,-1.2686257,-2.0345476
2.1791666666666667,2.8024926,-0.043988544,-0.3437687,-1.1654204e-12,-1.2710161,-2.034547
2.183333333333333,2.8024921,-0.04445281,-0.3417284,-1.3129193e-12,-1.2735206,-2.0345461
2.1875,2.8024912,-0.04493029,-0.33960584,-1.5952294e-12,-1.2761208,-2.0345442
2.1916666666666664,2.8024893,-0.04541676,-0.3374155,-2.0676527e-12,-1.2787974,-2.034541
2.1958333333333333,2.802486,-0.045907926,-0.33517206,-2.7854062e-12,-1.281532,-2.034536
2.2,2.8024812,-0.046399552,-0.33288994,-3.803781e-12,-1.2843058,-2.0345285
2.2041666666666666,2.802474,-0.046885747,-0.33059153,-5.1722606e-12,-1.2870904,-2.0345192
2.2083333333333335,2.8024645,-0.0473369,-0.3284085,-6.5204877e-12,-1.2897246,-2.03451
2.2125,2.8024552,-0.047801595,-0.32611102,-7.803481e-12,-1.2924868,-2.0345008
2.216666666666667,2.8024464,-0.04827672,-0.32372382,-9.1164454e-12,-1.2953491,-2.034492
2.220833333333333,2.8024373,-0.048759215,-0.32127145,-1.05546735e-11,-1.2982839,-2.0344818
2.225,2.8024273,-0.04924591,-0.31877896,-1.2213206e-11,-1.3012631,-2.0344703
2.2291666666666665,2.802416,-0.049733736,-0.31627092,-1.4187327e-11,-1.3042591,-2.0344565
2.2333333333333334,2.8024023,-0.050219584,-0.31377202,-1.6572237e-11,-1.3072437,-2.03444
2.2375,2.8023858,-0.050700385,-0.31130683,-1.9463327e-11,-1.3101897,-2.0344198
2.2416666666666667,2.8023658,-0.05117298,-0.30890045,-2.2955467e-11,-1.3130689,-2.0343957
2.245833333333333,2.8023415,-0.051634293,-0.30657732,-2.7144016e-11,-1.3158532,-2.0343661
2.25,2.8023126,-0.052081224,-0.30436233,-3.212418e-11,-1.3185152,-2.034331
2.2541666666666664,2.802278,-0.0525635,-0.30197063,-3.811676e-11,-1.3213891,-2.0342894
2.2583333333333333,2.8022366,-0.053028617,-0.29962766,-4.414579e-11,-1.3241972,-2.0342472
2.2625,2.8021948,-0.053480756,-0.2973351,-5.0491663e-11,-1.326942,-2.0342028
2.2666666666666666,2.802151,-0.05392412,-0.29509455,-5.7434835e-11,-1.329626,-2.0341542
2.2708333333333335,2.8021028,-0.05436282,-0.29290792,-6.5254566e-11,-1.3322512,-2.0340996
2.275,2.8020487,-0.054801036,-0.29077697,-7.423127e-11,-1.3348204,-2.0340369
2.279166666666667,2.8019865,-0.05524295,-0.28870332,-8.4644985e-11,-1.3373358,-2.033964
2.283333333333333,2.8019142,-0.05569274,-0.28668872,-9.6776503e-11,-1.3398004,-2.0338788
2.2875,2.8018298,-0.056154527,-0.28473502,-1.1090451e-10,-1.3422158,-2.0337794
2.2916666666666665,2.8017313,-0.056632593,-0.28284332,-1.2731985e-10,-1.3445855,-2.0336642
2.2958333333333334,2.8016171,-0.057133727,-0.28098977,-1.4662532e-10,-1.3469403,-2.033528
2.3,2.8014824,-0.05765527,-0.27916926,-1.686632e-10,-1.3492823,-2.0333729
2.3041666666666667,2.8013287,-0.058190394,-0.27739388,-1.9289452e-10,-1.3515929,-2.0332026
2.308333333333333,2.8011596,-0.058732357,-0.27567542,-2.18784e-10,-1.3538532,-2.0330203
2.3125,2.800979,-0.059274405,-0.27402565,-2.4579674e-10,-1.3560451,-2.0328298
2.3166666666666664,2.8007903,-0.05980971,-0.27245656,-2.7339322e-10,-1.3581494,-2.0326355
2.3208333333333333,2.8005977,-0.06033152,-0.27098,-3.0103847e-10,-1.360148,-2.0324402
2.325,2.8004045,-0.06083306,-0.26960784,-3.2819603e-10,-1.3620217,-2.032249
2.3291666666666666,2.8002145,-0.06130759,-0.26835182,-3.5433095e-10,-1.3637522,-2.032064
2.3333333333333335,2.8000317,-0.061863642,-0.26692152,-3.8529352e-10,-1.3657385,-2.0318453
2.3375,2.7998145,-0.062464777,-0.265345,-4.188208e-10,-1.3679161,-2.0316093
2.341666666666667,2.7995808,-0.062933624,-0.26423818,-4.4692228e-10,-1.3694918,-2.0314116
2.345833333333333,2.7993848,-0.06346613,-0.26332593,-4.829176e-10,-1.3709364,-2.0311568
2.35,2.7991323,-0.06425814,-0.2623332,-5.401206e-10,-1.3727212,-2.0307484
2.3541666666666665,2.7987273,-0.06529782,-0.2612012,-6.165379e-10,-1.374893,-2.0302
2.3583333333333334,2.798184,-0.06605484,-0.26037034,-6.721222e-10,-1.3764809,-2.0298016
2.3625,2.797789,-0.06688457,-0.25945356,-7.3308054e-10,-1.3782274,-2.0293653
2.3666666666666667,2.797357,-0.067785665,-0.25848192,-7.9957263e-10,-1.3801,-2.0288901
2.370833333333333,2.7968857,-0.068756886,-0.25748622,-8.717683e-10,-1.382067,-2.028373
2.375,2.7963731,-0.06979705,-0.25649744,-9.498389e-10,-1.3840959,-2.027813
2.3791666666666664,2.795818,-0.07090477,-0.2555466,-1.0339418e-09,-1.3861544,-2.027208
2.3833333333333333,2.7952185,-0.07207885,-0.25466454,-1.1242481e-09,-1.3882107,-2.0265567
2.3875,2.7945728,-0.07331801,-0.2538823,-1.2209244e-09,-1.3902318,-2.025857
2.3916666666666666,2.7938788,-0.074621096,-0.25323063,-1.3241431e-09,-1.3921866,-2.0251074
2.3958333333333335,2.7931354,-0.07599725,-0.25273314,-1.4348805e-09,-1.3940605,-2.0242996
2.4,2.7923348,-0.07751591,-0.2523487,-1.5585826e-09,-1.3959635,-2.0233955
2.404166666666667,2.7914388,-0.07916232,-0.25205818,-1.6938496e-09,-1.3979005,-2.0224056
2.408333333333333,2.7904575,-0.080903046,-0.25185266,-1.8378018e-09,-1.3998467,-2.0213509
2.4125,2.7894118,-0.0827043,-0.25172323,-1.9875335e-09,-1.4017773,-2.0202527
2.4166666666666665,2.7883224,-0.0845326,-0.25166082,-2.1401643e-09,-1.403668,-2.0191314
2.4208333333333334,2.787211,-0.086354405,-0.2516566,-2.292806e-09,-1.4054941,-2.0180087
2.425,2.7860982,-0.088136226,-0.2517015,-2.442578e-09,-1.407231,-2.0169058
2.4291666666666667,2.7850044,-0.08984431,-0.25178662,-2.586575e-09,-1.4088538,-2.0158436
2.433333333333333,2.7839513,-0.09144517,-0.25190297,-2.7219165e-09,-1.4103384,-2.0148432
2.4375,2.7829592,-0.09349489,-0.2520982,-2.895523e-09,-1.412193,-2.0135598
2.4416666666666664,2.7816868,-0.09547064,-0.25235996,-3.0629246e-09,-1.4139069,-2.0123274
2.4458333333333333,2.780465,-0.09721859,-0.25274834,-3.2123255e-09,-1.4152666,-2.0112257
2.45,2.779372,-0.09910401,-0.25337267,-3.3760423e-09,-1.4165276,-2.0100048
2.4541666666666666,2.7781608,-0.10149233,-0.2543427,-3.5864063e-09,-1.417946,-2.0084147
2.4583333333333335,2.776584,-0.10461159,-0.25570735,-3.8635153e-09,-1.4197005,-2.0063
2.4625,2.7744865,-0.106893055,-0.2567526,-4.0671266e-09,-1.4209367,-2.0047388
2.466666666666667,2.772938,-0.10953703,-0.25801313,-4.3037542e-09,-1.4223201,-2.002921
2.470833333333333,2.7711346,-0.11245468,-0.25944123,-4.5654063e-09,-1.4238098,-2.000908
2.475,2.7691376,-0.11555662,-0.2609889,-4.8440447e-09,-1.425364,-1.9987608
2.4791666666666665,2.7670076,-0.11875398,-0.26260835,-5.1316777e-09,-1.426942,-1.9965415
2.4833333333333334,2.764806,-0.1219577,-0.2642519,-5.420297e-09,-1.4285021,-1.9943115
2.4875,2.7625937,-0.12507893,-0.26587173,-5.7019127e-09,-1.4300035,-1.9921321
2.4916666666666667,2.7604315,-0.12802829,-0.26741987,-5.9684826e-09,-1.4314047,-1.9900652
2.495833333333333,2.7583811,-0.13071692,-0.26884866,-6.2120162e-09,-1.4326645,-1.988172
2.5,2.756503,-0.13305606,-0.27011043,-6.424535e-09,-1.4337419,-1.9865144
2.5041666666666664,2.7548578,-0.13687457,-0.2721812,-6.770449e-09,-1.4354897,-1.9838299
2.5083333333333333,2.7521944,-0.1391198,-0.27347553,-6.974181e-09,-1.4364406,-1.9822526
2.5125,2.7506297,-0.14179456,-0.27522853,-7.224776e-09,-1.4373624,-1.9802355
2.5166666666666666,2.748628,-0.14690201,-0.27867565,-7.711318e-09,-1.4390227,-1.9762309
2.5208333333333335,2.7446523,-0.15042269,-0.28104657,-8.047106e-09,-1.4401724,-1.9734622
2.525,2.7419035,-0.15406379,-0.28350717,-8.393748e-09,-1.441353,-1.9706142
2.529166666666667,2.7390761,-0.15810047,-0.28624505,-8.778065e-09,-1.4426517,-1.967458
2.533333333333333,2.7359428,-0.16247119,-0.28922126,-9.194739e-09,-1.4440464,-1.9640305
2.5375,2.7325406,-0.16711368,-0.29239613,-9.638369e-09,-1.4455138,-1.9603697
2.5416666666666665,2.7289062,-0.17196637,-0.2957307,-1.0103634e-08,-1.4470321,-1.9565122
2.5458333333333334,2.7250762,-0.17696753,-0.29918575,-1.0585185e-08,-1.4485781,-1.9524953
2.55,2.7210882,-0.18205562,-0.3027223,-1.1077703e-08,-1.4501297,-1.9483562
2.5541666666666667,2.7169778,-0.18716829,-0.30630076,-1.1575784e-08,-1.4516639,-1.9441321
2.558333333333333,2.7127833,-0.19224407,-0.30988204,-1.2074107e-08,-1.4531585,-1.9398601
2.5625,2.7085404,-0.19743308,-0.3135792,-1.2586855e-08,-1.4546502,-1.9354283
2.5666666666666664,2.7041395,-0.20280531,-0.3174432,-1.31190045e-08,-1.4561585,-1.930821
2.5708333333333333,2.6995635,-0.20831911,-0.32143748,-1.3666835e-08,-1.457678,-1.9260628
2.575,2.6948378,-0.21394835,-0.3255366,-1.4228207e-08,-1.4592081,-1.921164
2.5791666666666666,2.689972,-0.21966717,-0.32971516,-1.4801017e-08,-1.4607484,-1.9161347
2.5833333333333335,2.6849763,-0.22544873,-0.33394706,-1.5383057e-08,-1.4622982,-1.9109856
2.5875,2.6798613,-0.23126724,-0.33820707,-1.5972223e-08,-1.4638566,-1.905727
2.591666666666667,2.6746373,-0.23709655,-0.34246957,-1.6566373e-08,-1.4654235,-1.9003688
2.595833333333333,2.6693137,-0.2429108,-0.34670922,-1.7163405e-08,-1.4669981,-1.8949212
2.6,2.663901,-0.2486832,-0.35090005,-1.776111e-08,-1.4685795,-1.8893952
2.6041666666666665,2.6584096,-0.25459203,-0.35517666,-1.8379044e-08,-1.4702117,-1.8835982
2.6083333333333334,2.6526484,-0.26076218,-0.35963932,-1.9030136e-08,-1.4719192,-1.8774142
2.6125,2.6465018,-0.26708642,-0.36421028,-1.9702236e-08,-1.4736725,-1.8709686
2.6166666666666667,2.640095,-0.27345854,-0.3688125,-2.0383302e-08,-1.4754424,-1.8643856
2.620833333333333,2.6335511,-0.2797721,-0.37336877,-2.1061258e-08,-1.4771997,-1.8577901
2.625,2.6269946,-0.28592092,-0.37780204,-2.1724059e-08,-1.4789151,-1.8513069
2.6291666666666664,2.6205492,-0.2917978,-0.3820346,-2.2359552e-08,-1.4805597,-1.8450611
2.6333333333333333,2.6143396,-0.2972966,-0.3859894,-2.29557e-08,-1.4821037,-1.8391771
2.6375,2.60849,-0.30231082,-0.3895892,-2.3500423e-08,-1.4835182,-1.8337798
2.6416666666666666,2.603124,-0.30753675,-0.39333135,-2.4068989e-08,-1.4850016,-1.8281263
2.6458333333333335,2.5975032,-0.31427318,-0.39815545,-2.4803464e-08,-1.4869142,-1.8208601
2.65,2.5902789,-0.31860185,-0.4012333,-2.5284063e-08,-1.4881648,-1.8160201
2.654166666666667,2.5854661,-0.322985,-0.40428507,-2.5786912e-08,-1.4894961,-1.8106297
2.658333333333333,2.580104,-0.32988563,-0.4090314,-2.6588198e-08,-1.4916502,-1.8017114
2.6625,2.5712314,-0.33523828,-0.41270897,-2.7209438e-08,-1.4933257,-1.7947767
2.6666666666666665,2.5643318,-0.3403744,-0.41624057,-2.7806166e-08,-1.4949303,-1.7881684
2.6708333333333334,2.5577571,-0.34601247,-0.42011514,-2.8462237e-08,-1.4966937,-1.7809097
2.675,2.550536,-0.35204804,-0.42425653,-2.9165978e-08,-1.4985878,-1.7730922
2.6791666666666667,2.542758,-0.35837775,-0.42858917,-2.990583e-08,-1.5005848,-1.7648064
2.683333333333333,2.534514,-0.36489785,-0.4330374,-3.06702e-08,-1.5026568,-1.7561432
2.6875,2.5258942,-0.371505,-0.43752566,-3.1447534e-08,-1.5047758,-1.7471931
2.6916666666666664,2.516988,-0.3780947,-0.4419777,-3.2226158e-08,-1.5069134,-1.7380478
2.6958333333333333,2.5078871,-0.38456368,-0.44631815,-3.2994503e-08,-1.509042,-1.7287979
2.7,2.4986808,-0.39080822,-0.4504711,-3.3740992e-08,-1.5111334,-1.7195342
2.7041666666666666,2.4894602,-0.39692894,-0.45450073,-3.447843e-08,-1.5132245,-1.7100886
2.7083333333333335,2.480057,-0.4033135,-0.4586696,-3.5252835e-08,-1.5154401,-1.6999348
2.7125,2.469948,-0.4098552,-0.46291283,-3.6050423e-08,-1.5177387,-1.6892834
2.716666666666667,2.4593427,-0.41644686,-0.46716544,-3.6857355e-08,-1.5200777,-1.6783453
2.720833333333333,2.4484518,-0.42298183,-0.47136268,-3.7659824e-08,-1.5224154,-1.6673312
2.725,2.437484,-0.42935216,-0.475439,-3.8443922e-08,-1.5247095,-1.6564531
2.7291666666666665,2.4266517,-0.43545115,-0.47932965,-3.9195843e-08,-1.5269179,-1.6459216
2.7333333333333334,2.416164,-0.441172,-0.48296976,-3.990179e-08,-1.5289986,-1.6359469
2.7375,2.4062304,-0.44640693,-0.48629394,-4.0547842e-08,-1.5309093,-1.6267415
2.7416666666666667,2.397063,-0.45104915,-0.4892374,-4.112021e-08,-1.5326083,-1.6185157
2.745833333333333,2.3888707,-0.45854142,-0.49398065,-4.2046818e-08,-1.535357,-1.6052022
2.75,2.3756118,-0.46332735,-0.4969698,-4.2646647e-08,-1.5371538,-1.596366
2.7541666666666664,2.3668108,-0.46739587,-0.4994181,-4.3160217e-08,-1.538774,-1.5878445
2.7583333333333333,2.3583205,-0.47320578,-0.50283647,-4.3885866e-08,-1.5411656,-1.5746388
2.7625,2.3451602,-0.47915912,-0.5063381,-4.462336e-08,-1.5436172,-1.560986
2.7666666666666666,2.3315537,-0.48396754,-0.509161,-4.5221668e-08,-1.5456028,-1.5499387
2.7708333333333335,2.320544,-0.4892872,-0.51227605,-4.5885166e-08,-1.5478075,-1.5376518
2.775,2.3082988,-0.4950023,-0.5156139,-4.6598018e-08,-1.5501848,-1.5243484
2.779166666666667,2.2950404,-0.500997,-0.5191048,-4.7344372e-08,-1.5526886,-1.5102521
2.783333333333333,2.2809916,-0.5071557,-0.5226791,-4.8108404e-08,-1.555273,-1.4955863
2.7875,2.266374,-0.51336175,-0.5262668,-4.8874163e-08,-1.5578914,-1.4805762
2.7916666666666665,2.251413,-0.5194996,-0.52979857,-4.9625836e-08,-1.5604975,-1.4654447
2.7958333333333334,2.2363305,-0.5254536,-0.5332046,-5.0347595e-08,-1.5630456,-1.4504149
2.8,2.2213483,-0.5311072,-0.53641504,-5.1023505e-08,-1.5654888,-1.4357122
2.8041666666666667,2.2066908,-0.536523,-0.5394604,-5.1660173e-08,-1.5678588,-1.4211026
2.808333333333333,2.1921248,-0.54203075,-0.54252684,-5.22993e-08,-1.5703003,-1.4057491
2.8125,2.1768162,-0.5475794,-0.5455907,-5.2935885e-08,-1.5727851,-1.3898665
2.8166666666666664,2.160979,-0.5530999,-0.5486184,-5.3562708e-08,-1.5752778,-1.3737185
2.8208333333333333,2.1448765,-0.5585238,-0.5515769,-5.4172638e-08,-1.5777433,-1.357566
2.825,2.128769,-0.56378275,-0.55443287,-5.4758516e-08,-1.5801463,-1.3416704
2.8291666666666666,2.112917,-0.56880826,-0.55715305,-5.53132e-08,-1.5824515,-1.3262928
2.8333333333333335,2.0975807,-0.57353127,-0.55970395,-5.5829474e-08,-1.5846236,-1.3116963
2.8375,2.0830235,-0.5778836,-0.5620524,-5.6300205e-08,-1.5866274,-1.298142
2.841666666666667,2.0695057,-0.5817965,-0.5641653,-5.6718225e-08,-1.5884274,-1.2858915
2.845833333333333,2.0572875,-0.5874314,-0.5672032,-5.73144e-08,-1.5910244,-1.2681005
2.85,2.0395432,-0.5916976,-0.5694803,-5.7755145e-08,-1.5930135,-1.2541884
2.8541666666666665,2.0256667,-0.5950804,-0.571257,-5.8077894e-08,-1.5946199,-1.2423948
2.8583333333333334,2.013902,-0.59832203,-0.5729326,-5.8347187e-08,-1.596186,-1.2301556
2.8625,2.00169,-0.60216385,-0.57490605,-5.8627524e-08,-1.5980544,-1.2149088
2.8666666666666667,1.9864756,-0.6056257,-0.57668567,-5.8865897e-08,-1.5997365,-1.2009727
2.870833333333333,1.9725686,-0.60862094,-0.57821995,-5.9066352e-08,-1.6011974,-1.1887684
2.875,1.9603896,-0.6118055,-0.5798458,-5.9272498e-08,-1.6027561,-1.1756245
2.8791666666666664,1.9472727,-0.61511654,-0.5815312,-5.9477806e-08,-1.6043817,-1.1617596
2.8833333333333333,1.9334357,-0.6184921,-0.5832444,-5.96758e-08,-1.606044,-1.1473906
2.8875,1.9190954,-0.6218698,-0.5849538,-5.985996e-08,-1.6077123,-1.1327349
2.8916666666666666,1.9044683,-0.62518746,-0.5866276,-6.0023815e-08,-1.6093562,-1.1180092
2.8958333333333335,1.8897706,-0.6283823,-0.5882339,-6.016085e-08,-1.6109446,-1.1034327
2.9,1.8752211,-0.63139236,-0.58974105,-6.0264554e-08,-1.6124476,-1.0892217
2.904166666666667,1.8610357,-0.6341556,-0.59111744,-6.032845e-08,-1.6138345,-1.0755924
2.908333333333333,1.8474296,-0.6367422,-0.59239537,-6.034865e-08,-1.6151432,-1.0620848
2.9125,1.8339441,-0.6392407,-0.5936184,-6.032977e-08,-1.6164187,-1.0483034
2.9166666666666665,1.8201839,-0.6416421,-0.59478426,-6.0278225e-08,-1.6176542,-1.0344193
2.9208333333333334,1.8063202,-0.64393747,-0.59589076,-6.02004e-08,-1.6188431,-1.0206031
2.925,1.7925236,-0.6461175,-0.5969355,-6.010269e-08,-1.6199784,-1.0070275
2.9291666666666667,1.7789668,-0.6481735,-0.5979163,-5.999147e-08,-1.6210537,-0.99386334
2.933333333333333,1.76582,-0.6500963,-0.5988311,-5.987312e-08,-1.6220617,-0.9812816
2.9375,1.7532547,-0.6518771,-0.5996774,-5.975405e-08,-1.6229963,-0.96945286
2.9416666666666664,1.7414412,-0.6535067,-0.600453,-5.964065e-08,-1.6238505,-0.95855
2.9458333333333333,1.7305526,-0.65543073,-0.6013718,-5.9505854e-08,-1.6248553,-0.9456774
2.95,1.7176963,-0.65733415,-0.602275,-5.935274e-08,-1.6258557,-0.9326136
2.9541666666666666,1.7046489,-0.6586974,-0.60291344,-5.919598e-08,-1.6265805,-0.9224024
2.9583333333333335,1.6944494,-0.6598,-0.6034226,-5.8997166e-08,-1.6271739,-0.9127833
2.9625,1.6848398,-0.6609212,-0.6039375,-5.8717898e-08,-1.6277802,-0.90149444
2.966666666666667,1.6735613,-0.6622182,-0.6045368,-5.835396e-08,-1.6284779,-0.88758683
2.970833333333333,1.6596662,-0.6631196,-0.60495377,-5.807667e-08,-1.6289622,-0.8774351
2.975,1.6495233,-0.66408813,-0.60540086,-5.7750565e-08,-1.6294837,-0.8659826
2.9791666666666665,1.6380804,-0.6650978,-0.6058659,-5.738733e-08,-1.6300284,-0.85359174
2.9833333333333334,1.6256998,-0.66612226,-0.6063372,-5.6998616e-08,-1.6305816,-0.8406238
2.9875,1.6127422,-0.6671357,-0.60680276,-5.6596157e-08,-1.6311293,-0.82744235
2.9916666666666667,1.5995715,-0.66811186,-0.60725105,-5.61916e-08,-1.6316572,-0.814409
2.995833333333333,1.5865483,-0.6690248,-0.60766995,-5.5796633e-08,-1.6321512,-0.80188566
3.0,1.5740347,-0.66984844,-0.6080479,-5.542291e-08,-1.632597,-0.79023397
3.0041666666666664,1.5623918,-0.67055666,-0.6083727,-5.5082165e-08,-1.6329803,-0.77981746
3.0083333333333333,1.5519831,-0.67132336,-0.60872453,-5.4684392e-08,-1.6333952,-0.7679553
3.0125,1.5401294,-0.67212737,-0.6090933,-5.426471e-08,-1.6338303,-0.7555923
3.0166666666666666,1.5277753,-0.67253244,-0.60927814,-5.3945023e-08,-1.6340507,-0.7472594
3.0208333333333335,1.5194477,-0.6726775,-0.6093421,-5.3508487e-08,-1.6341319,-0.73768604
3.025,1.5098789,-0.6727013,-0.60934836,-5.273825e-08,-1.6341494,-0.7216005
3.029166666666667,1.4938005,-0.67272186,-0.60935587,-5.227338e-08,-1.6341624,-0.7118631
3.033333333333333,1.4840677,-0.6727607,-0.6093729,-5.1748582e-08,-1.6341844,-0.7008738
3.0375,1.4730833,-0.67279595,-0.6093885,-5.117071e-08,-1.634204,-0.6888365
3.0416666666666665,1.4610513,-0.6728056,-0.6093922,-5.0546593e-08,-1.6342099,-0.6759555
3.0458333333333334,1.4481759,-0.67276776,-0.6093736,-4.988306e-08,-1.6341908,-0.6624343
3.05,1.4346606,-0.6726604,-0.6093218,-4.9187037e-08,-1.6341352,-0.648479
3.0541666666666667,1.420711,-0.67246157,-0.6092262,-4.8465335e-08,-1.6340319,-0.6342932
3.058333333333333,1.406531,-0.6721494,-0.60907644,-4.7724807e-08,-1.6338696,-0.6200812
3.0625,1.3923244,-0.6717019,-0.6088617,-4.6972268e-08,-1.6336368,-0.60604656
3.0666666666666664,1.3782951,-0.6710971,-0.6085714,-4.6214645e-08,-1.6333225,-0.59239537
3.0708333333333333,1.3646485,-0.6703701,-0.6082239,-4.5459927e-08,-1.6329427,-0.5792248
3.075,1.3514818,-0.6695527,-0.6078362,-4.4677797e-08,-1.6325128,-0.5658569
3.0791666666666666,1.3381176,-0.66863954,-0.6074045,-4.387033e-08,-1.6320314,-0.5523209
3.0833333333333335,1.3245854,-0.6676264,-0.6069255,-4.3041226e-08,-1.6314971,-0.5386761
3.0875,1.310944,-0.6665088,-0.60639596,-4.2194074e-08,-1.6309092,-0.5249794
3.091666666666667,1.2972507,-0.6652824,-0.60581255,-4.1332445e-08,-1.6302662,-0.5112878
3.095833333333333,1.2835621,-0.6639432,-0.60517216,-4.046008e-08,-1.6295673,-0.4976604
3.1,1.2699376,-0.6624865,-0.6044713,-3.958054e-08,-1.6288114,-0.48415416
3.1041666666666665,1.2564342,-0.6609081,-0.60370696,-3.8697465e-08,-1.6279973,-0.47082677
3.1083333333333334,1.2431093,-0.6592036,-0.60287565,-3.781442e-08,-1.6271241,-0.45773518
3.1125,1.23002,-0.6572552,-0.6019191,-3.6885105e-08,-1.6261324,-0.44425008
3.1166666666666667,1.2165375,-0.65498257,-0.6008001,-3.5888068e-08,-1.6249788,-0.43020034
3.120833333333333,1.2024897,-0.65248233,-0.5995663,-3.4859315e-08,-1.6237123,-0.41606104
3.125,1.1883522,-0.6498118,-0.5982458,-3.3813333e-08,-1.6223625,-0.4019732
3.1291666666666664,1.1742661,-0.64702916,-0.596867,-3.276477e-08,-1.6209586,-0.38808024
3.1333333333333333,1.1603746,-0.6441918,-0.5954583,-3.1728117e-08,-1.6195297,-0.37452316
3.1375,1.1468189,-0.64135736,-0.594048,-3.0717906e-08,-1.6181056,-0.36144376
3.1416666666666666,1.1337405,-0.63858324,-0.59266424,-2.9748634e-08,-1.6167152,-0.3489831
3.1458333333333335,1.1212809,-0.63592756,-0.59133554,-2.8834943e-08,-1.6153883,-0.33728445
3.15,1.1095833,-0.63344765,-0.59009016,-2.799132e-08,-1.6141539,-0.32648882
3.154166666666667,1.0987886,-0.62970203,-0.5882094,-2.6733064e-08,-1.612289,-0.31047413
3.158333333333333,1.0827752,-0.6266383,-0.58667123,-2.575017e-08,-1.6107634,-0.29825848
3.1625,1.0705603,-0.62357247,-0.58511615,-2.4845969e-08,-1.6092527,-0.28741455
3.1666666666666665,1.0597168,-0.61982095,-0.58318496,-2.382388e-08,-1.6074324,-0.27551603
3.1708333333333334,1.0478188,-0.6146998,-0.5805182,-2.248723e-08,-1.6049778,-0.26013583
3.175,1.032439,-0.61017364,-0.5781505,-2.1320226e-08,-1.6028196,-0.24671999
3.1791666666666667,1.0190234,-0.6059573,-0.5759491,-2.0236573e-08,-1.6008047,-0.23430212
3.183333333333333,1.006606,-0.60133934,-0.573538,-1.905698e-08,-1.5985976,-0.22083212
3.1875,0.99313635,-0.59637797,-0.5709438,-1.7801213e-08,-1.5962305,-0.2065467
3.1916666666666664,0.9788512,-0.59113246,-0.5681932,-1.6489247e-08,-1.5937356,-0.19168498
3.1958333333333333,0.9639899,-0.585661,-0.56531274,-1.5140856e-08,-1.5911447,-0.17648369
3.2,0.94878894,-0.5800222,-0.56232864,-1.3775798e-08,-1.58849,-0.1611795
3.2041666666666666,0.93348503,-0.574275,-0.5592678,-1.2414064e-08,-1.5858037,-0.14601168
3.2083333333333335,0.9183175,-0.56847805,-0.5561566,-1.1075416e-08,-1.583118,-0.13121684
3.2125,0.90352297,-0.562702,-0.5530281,-9.782376e-09,-1.5804701,-0.11706193
3.216666666666667,0.88936824,-0.5567345,-0.5497672,-8.491332e-09,-1.5777637,-0.10309261
3.220833333333333,0.8753992,-0.5503332,-0.54624665,-7.1431683e-09,-1.574883,-0.08864944
3.225,0.8609562,-0.54364264,-0.54254895,-5.7629244e-09,-1.5718901,-0.07397759
3.2291666666666665,0.8462845,-0.5368079,-0.5387569,-4.375712e-09,-1.5688473,-0.05932296
3.2333333333333334,0.83163,-0.52997315,-0.53495264,-3.0065646e-09,-1.5658169,-0.04493073
3.2375,0.81723785,-0.52328426,-0.53121936,-1.680752e-09,-1.5628613,-0.031048492
3.2416666666666667,0.80335575,-0.51688576,-0.5276395,-4.233064e-10,-1.5600426,-0.017921353
3.245833333333333,0.79022866,-0.5109225,-0.5242956,7.4066175e-10,-1.5574231,-0.0057952553
3.25,0.77810264,-0.5055391,-0.5212702,1.7860962e-09,-1.555065,0.0050844215
3.2541666666666664,0.76722306,-0.49932504,-0.5177707,2.9897398e-09,-1.5523508,0.017615087
3.2583333333333333,0.7546926,-0.4925548,-0.51396036,4.298804e-09,-1.549391,0.031214328
3.2624999999999997,0.74109346,-0.488117,-0.51141304,5.0986197e-09,-1.5475005,0.03931433
3.2666666666666666,0.7329935,-0.4825987,-0.50813425,5.9813163e-09,-1.5452611,0.04789228
3.2708333333333335,0.72441554,-0.47413343,-0.5030569,7.2975332e-09,-1.541873,0.060588475
3.275,0.71171945,-0.46875754,-0.49982744,8.13216e-09,-1.5397265,0.06863952
3.279166666666667,0.70366836,-0.4626761,-0.49616712,9.071195e-09,-1.5373054,0.077675626
3.283333333333333,0.69463235,-0.45602047,-0.49215373,1.0092269e-08,-1.5346631,0.087475725
3.2875,0.6848323,-0.44892088,-0.48786435,1.11731735e-08,-1.5318528,0.09782026
3.2916666666666665,0.67448777,-0.4415079,-0.48337635,1.2291648e-08,-1.5289278,0.10848921
3.2958333333333334,0.6638188,-0.4339117,-0.47876668,1.3425498e-08,-1.5259411,0.11926314
3.3,0.65304494,-0.42626375,-0.4741133,1.4552333e-08,-1.5229466,0.12992078
3.3041666666666667,0.6423873,-0.41869417,-0.46949312,1.5649954e-08,-1.5199972,0.1402427
3.308333333333333,0.63206536,-0.4113336,-0.4649836,1.6696104e-08,-1.5171461,0.15000886
3.3125,0.62229925,-0.4042649,-0.4606325,1.7674997e-08,-1.5144287,0.15905866
3.3166666666666664,0.6132494,-0.39685157,-0.4560405,1.8668077e-08,-1.5116074,0.1681189
3.3208333333333333,0.6041893,-0.38919684,-0.4512725,1.9663641e-08,-1.5087208,0.17708956
3.3249999999999997,0.5952186,-0.38142464,-0.44641083,2.065073e-08,-1.5058101,0.18589224
3.3291666666666666,0.58641595,-0.37366024,-0.4415386,2.161822e-08,-1.502918,0.19444706
3.3333333333333335,0.57786113,-0.36602762,-0.4367381,2.255515e-08,-1.5000858,0.2026756
3.3375,0.5696326,-0.35865113,-0.43209195,2.345051e-08,-1.4973557,0.210499
3.341666666666667,0.5618092,-0.3516548,-0.42768246,2.4293332e-08,-1.4947689,0.21783876
3.345833333333333,0.55446947,-0.3451638,-0.4235926,2.5072502e-08,-1.4923677,0.22461513
3.35,0.54769313,-0.33930206,-0.41990486,2.577706e-08,-1.490194,0.23074964
3.3541666666666665,0.5415586,-0.33155736,-0.41504145,2.6712952e-08,-1.4873123,0.238924
3.3583333333333334,0.5333842,-0.32468188,-0.41070503,2.7531033e-08,-1.4847732,0.24601819
3.3625,0.52629006,-0.31964332,-0.40752017,2.809904e-08,-1.4829195,0.25082675
3.3666666666666667,0.52148145,-0.31376028,-0.40382892,2.8727985e-08,-1.4807277,0.25602764
3.370833333333333,0.5162805,-0.3056495,-0.39877912,2.9590003e-08,-1.4776669,0.26314747
3.375,0.5091607,-0.3002287,-0.39540318,3.0166163e-08,-1.4756219,0.26790866
3.3791666666666664,0.50439954,-0.29416597,-0.3916217,3.0807595e-08,-1.4733406,0.2731979
3.3833333333333333,0.49911028,-0.287599,-0.38752574,3.1499184e-08,-1.4708695,0.27888858
3.3874999999999997,0.4934196,-0.28066516,-0.3832062,3.2225817e-08,-1.4682554,0.2848542
3.3916666666666666,0.487454,-0.27350318,-0.37875465,3.2972263e-08,-1.4655449,0.29096723
3.3958333333333335,0.48134097,-0.26625058,-0.3742621,3.3723406e-08,-1.4627848,0.2971011
3.4,0.47520706,-0.25904518,-0.36981964,3.4464094e-08,-1.4600219,0.30312905
3.404166666666667,0.46917915,-0.25202447,-0.3655182,3.5179216e-08,-1.4573025,0.30892444
3.408333333333333,0.4633838,-0.24532717,-0.36144948,3.585353e-08,-1.4546739,0.31435975
3.4125,0.45794845,-0.23913218,-0.35772645,3.6467732e-08,-1.4522021,0.31927446
3.4166666666666665,0.45303372,-0.23292898,-0.3540335,3.7072088e-08,-1.449692,0.32406923
3.4208333333333334,0.44823894,-0.22662987,-0.35031226,3.7677097e-08,-1.447114,0.32883513
3.425,0.44347304,-0.22032844,-0.34661436,3.82754e-08,-1.4445105,0.33352047
3.4291666666666667,0.43878767,-0.21411712,-0.34299076,3.8859707e-08,-1.4419228,0.33807442
3.433333333333333,0.43423375,-0.20808876,-0.33949256,3.942274e-08,-1.4393927,0.34244585
3.4375,0.42986235,-0.2023358,-0.33617076,3.9957207e-08,-1.4369615,0.3465838
3.4416666666666664,0.42572436,-0.19695182,-0.3330769,4.045575e-08,-1.4346714,0.3504368
3.4458333333333333,0.42187133,-0.19202925,-0.33026186,4.09111e-08,-1.4325638,0.3539539
3.4499999999999997,0.41835418,-0.18766066,-0.32777682,4.1315975e-08,-1.4306802,0.3570842
3.4541666666666666,0.4152239,-0.181692,-0.3243801,4.1871697e-08,-1.4281083,0.36139163
3.4583333333333335,0.41091657,-0.17684779,-0.3215741,4.2318575e-08,-1.4260702,0.36484072
3.4625,0.4074675,-0.17392781,-0.3200093,4.2576996e-08,-1.4247149,0.36678937
3.466666666666667,0.4055188,-0.17047365,-0.3185217,4.287161e-08,-1.4227482,0.368957
3.470833333333333,0.40335125,-0.1661309,-0.31679344,4.3244402e-08,-1.420134,0.3717065
3.475,0.4006017,-0.16290548,-0.31556454,4.3520497e-08,-1.4181373,0.37373832
3.4791666666666665,0.39856988,-0.15927556,-0.31422806,4.382974e-08,-1.4158441,0.37600672
3.4833333333333334,0.39630145,-0.1553649,-0.31282791,4.4161705e-08,-1.4133334,0.37843585
3.4875,0.39387235,-0.15129799,-0.3114081,4.4505924e-08,-1.4106864,0.38094938
3.4916666666666667,0.39135882,-0.14719862,-0.31001258,4.4851987e-08,-1.4079826,0.3834714
3.495833333333333,0.3888368,-0.14319083,-0.3086852,4.518945e-08,-1.4053022,0.385926
3.5,0.38638216,-0.13939844,-0.30746996,4.5507903e-08,-1.4027251,0.38823727
3.5041666666666664,0.38407087,-0.1359459,-0.30641085,4.5796867e-08,-1.4003317,0.39032894
3.5083333333333333,0.3819792,-0.13295704,-0.3055517,4.6045937e-08,-1.3982021,0.3921251
3.5124999999999997,0.380183,-0.12898588,-0.3044722,4.6375177e-08,-1.39531,0.39449194
3.5166666666666666,0.37781623,-0.12613338,-0.3036982,4.6609568e-08,-1.3932315,0.39617318
3.5208333333333335,0.37613502,-0.12416036,-0.30359963,4.676256e-08,-1.3913571,0.3972168
3.525,0.3750914,-0.12114595,-0.30414534,4.698656e-08,-1.3877969,0.39866385
3.529166666666667,0.37364438,-0.11748517,-0.30487666,4.7259732e-08,-1.3834051,0.40042546
3.533333333333333,0.3718827,-0.11473741,-0.30540723,4.7464876e-08,-1.3801266,0.4017522
3.5375,0.37055597,-0.111665614,-0.30601636,4.7693714e-08,-1.3764458,0.4032306
3.5416666666666665,0.36907756,-0.10833266,-0.30671832,4.7941317e-08,-1.3724108,0.40482533
3.5458333333333334,0.36748284,-0.1048012,-0.30752754,4.820277e-08,-1.36807,0.40650105
3.55,0.36580712,-0.101134494,-0.30845842,4.8473126e-08,-1.3634726,0.40822214
3.5541666666666667,0.36408606,-0.09739523,-0.30952528,4.8747467e-08,-1.3586664,0.40995324
3.558333333333333,0.36235496,-0.09364604,-0.3107426,4.9020883e-08,-1.3536999,0.41165897
3.5625,0.36064926,-0.089950226,-0.31212464,4.9288417e-08,-1.348622,0.4133038
3.5666666666666664,0.35900444,-0.08637044,-0.3136858,4.954515e-08,-1.3434811,0.4148524
3.5708333333333333,0.35745585,-0.08286999,-0.3154807,4.979331e-08,-1.3381857,0.4163135
3.5749999999999997,0.3559947,-0.079281256,-0.31753418,5.0045273e-08,-1.3325436,0.417773
3.5791666666666666,0.3545352,-0.075674154,-0.31978446,5.0296368e-08,-1.3266861,0.4192058
3.5833333333333335,0.3531024,-0.07206084,-0.32221574,5.0545882e-08,-1.3206415,0.42060682
3.5875,0.35170138,-0.06845365,-0.32481217,5.0793098e-08,-1.314438,0.42197073
3.591666666666667,0.35033748,-0.06486472,-0.32755813,5.1037315e-08,-1.3081031,0.42329237
3.595833333333333,0.3490158,-0.06130679,-0.33043733,5.1277784e-08,-1.3016658,0.42456633
3.6,0.34774184,-0.057792023,-0.3334342,5.1513798e-08,-1.2951542,0.4257874
3.6041666666666665,0.34652075,-0.054332748,-0.33653274,5.174464e-08,-1.2885964,0.4269504
3.6083333333333334,0.34535772,-0.050941117,-0.3397174,5.1969597e-08,-1.2820201,0.42805013
3.6125,0.34425798,-0.047644462,-0.34300807,5.2186408e-08,-1.2754328,0.4290691
3.6166666666666667,0.34323907,-0.04431597,-0.34659037,5.2402758e-08,-1.268522,0.43003845
3.620833333333333,0.34226972,-0.040976234,-0.35040104,5.2617693e-08,-1.2613717,0.43096066
3.625,0.34134752,-0.037661515,-0.3543593,5.2829254e-08,-1.2540988,0.43183365
3.6291666666666664,0.34047452,-0.03440748,-0.35838518,5.303552e-08,-1.2468188,0.43265536
3.6333333333333333,0.33965284,-0.03125001,-0.36239842,5.323455e-08,-1.2396481,0.43342382
3.6374999999999997,0.33888438,-0.0282248,-0.36631897,5.3424433e-08,-1.2327024,0.434137
3.6416666666666666,0.33817124,-0.025368074,-0.37006617,5.3603202e-08,-1.2260984,0.4347928
3.6458333333333335,0.33751544,-0.022715518,-0.37356004,5.3768936e-08,-1.2199521,0.43538916
3.65,0.33691904,-0.020303015,-0.37672025,5.391971e-08,-1.2143793,0.4359242
3.654166666666667,0.336384,-0.016871393,-0.38130674,5.413303e-08,-1.2063612,0.4366628
3.658333333333333,0.3356454,-0.014369272,-0.38489807,5.428582e-08,-1.2002677,0.43714404
3.6625,0.33516413,-0.012288818,-0.388109,5.44102e-08,-1.1949763,0.4374595
3.6666666666666665,0.33484864,-0.010122439,-0.39155397,5.453827e-08,-1.189365,0.4377008
3.6708333333333334,0.33460733,-0.0073623518,-0.39584765,5.470215e-08,-1.1823113,0.43795943
3.675,0.3343487,-0.004491819,-0.4001623,5.4874064e-08,-1.175126,0.43822607
3.6791666666666667,0.33408213,-0.0021119702,-0.4037381,5.5016358e-08,-1.1691703,0.43842766
3.683333333333333,0.33388054,0.0005224227,-0.40771312,5.5173516e-08,-1.1625608,0.43863177
3.6875,0.33367643,0.0033441929,-0.4119784,5.534167e-08,-1.1554738,0.4388354
3.6916666666666664,0.3334728,0.006286622,-0.41642576,5.5516963e-08,-1.148084,0.43903548
3.6958333333333333,0.33327273,0.009282847,-0.420947,5.569556e-08,-1.1405666,0.43922898
3.6999999999999997,0.33307922,0.012266174,-0.42543384,5.587361e-08,-1.1330963,0.43941283
3.7041666666666666,0.3328954,0.015169399,-0.42977744,5.6047234e-08,-1.1258495,0.439584
3.7083333333333335,0.33272424,0.017925821,-0.43386972,5.6212603e-08,-1.1190008,0.43973935
3.7125,0.33256888,0.020468589,-0.4376023,5.6365856e-08,-1.1127255,0.43987587
3.716666666666667,0.33243236,0.023044016,-0.44131905,5.6522108e-08,-1.1064334,0.4400058
3.720833333333333,0.3323024,0.026358135,-0.44616467,5.6720825e-08,-1.0982736,0.44015354
3.725,0.33215466,0.028847205,-0.44982326,5.686849e-08,-1.092126,0.44023106
3.7291666666666665,0.33207712,0.031207124,-0.45308697,5.7012308e-08,-1.0865024,0.44026667
3.7333333333333334,0.3320415,0.034133974,-0.45674804,5.71995e-08,-1.0799143,0.4402887
3.7375,0.33201948,0.038323343,-0.46159828,5.7477266e-08,-1.0708747,0.4403255
3.7416666666666667,0.33198264,0.041621715,-0.46533272,5.7697665e-08,-1.0638419,0.44036072
3.745833333333333,0.33194748,0.044936564,-0.46911734,5.7917095e-08,-1.0567425,0.4403927
3.75,0.3319155,0.04852259,-0.47319523,5.8154242e-08,-1.0490786,0.44042405
3.7541666666666664,0.33188415,0.05236168,-0.47750065,5.840952e-08,-1.0409341,0.44045445
3.7583333333333333,0.33185372,0.056435537,-0.48196757,5.868332e-08,-1.0323935,0.4404837
3.7624999999999997,0.3318245,0.060726117,-0.4865303,5.8976088e-08,-1.02354,0.4405114
3.7666666666666666,0.33179682,0.06521464,-0.49112234,5.9288173e-08,-1.0144595,0.4405373
3.7708333333333335,0.3317709,0.06988304,-0.49567792,5.9620014e-08,-1.0052356,0.44056112
3.775,0.33174708,0.07471304,-0.50013113,5.9971995e-08,-0.9959524,0.4405826
3.779166666666667,0.33172566,0.079689234,-0.5044265,6.0344306e-08,-0.9866807,0.44060135
3.783333333333333,0.33170682,0.08484391,-0.50869775,6.0733235e-08,-0.9772547,0.44061705
3.7875,0.33169112,0.090191156,-0.5129941,6.113866e-08,-0.9676112,0.4406299
3.7916666666666665,0.33167827,0.09572893,-0.5172999,6.156217e-08,-0.95776755,0.4406404
3.7958333333333334,0.3316678,0.10145554,-0.5216,6.2005384e-08,-0.94774085,0.4406489
3.8,0.33165923,0.107368305,-0.5258783,6.246986e-08,-0.93754977,0.4406561
3.8041666666666667,0.33165213,0.11346553,-0.5301196,6.295718e-08,-0.9272113,0.4406623
3.808333333333333,0.33164594,0.119745545,-0.5343085,6.346901e-08,-0.91674227,0.44066793
3.8125,0.3316403,0.12620562,-0.5384291,6.400684e-08,-0.9061616,0.44067356
3.8166666666666664,0.3316347,0.13284406,-0.5424661,6.457233e-08,-0.8954862,0.4406796
3.8208333333333333,0.33162865,0.13976935,-0.5464517,6.517632e-08,-0.8845754,0.44068605
3.8249999999999997,0.33162212,0.14724916,-0.5505016,6.5841256e-08,-0.8730456,0.44069207
3.8291666666666666,0.33161607,0.15515143,-0.5545752,6.6554065e-08,-0.8610698,0.44069755
3.8333333333333335,0.33161062,0.16331825,-0.55862105,6.729951e-08,-0.8488571,0.44070253
3.8375,0.33160564,0.17159122,-0.5625877,6.806224e-08,-0.83661747,0.4407071
3.841666666666667,0.33160105,0.17981249,-0.566424,6.8827e-08,-0.8245599,0.44071126
3.845833333333333,0.33159685,0.18782274,-0.570078,6.957838e-08,-0.8128956,0.44071516
3.85,0.33159298,0.19546412,-0.57349837,7.030111e-08,-0.8018339,0.44071877
3.8541666666666665,0.33158934,0.20257865,-0.5766338,7.097991e-08,-0.791584,0.4407222
3.8583333333333334,0.33158588,0.2094381,-0.57961935,7.164102e-08,-0.78173894,0.4407258
3.8625,0.33158234,0.21896635,-0.5837151,7.2554904e-08,-0.7681149,0.44073072
3.8666666666666667,0.33157742,0.2262125,-0.5866394,7.325494e-08,-0.7579444,0.4407341
3.870833333333333,0.33157408,0.23301809,-0.58901954,7.395028e-08,-0.7487588,0.44073683
3.875,0.33157128,0.24122357,-0.591482,7.485003e-08,-0.7380909,0.44074
3.8791666666666664,0.33156818,0.25239727,-0.5945792,7.613158e-08,-0.72381985,0.4407443
3.8833333333333333,0.33156383,0.25963366,-0.5965499,7.696645e-08,-0.7146128,0.44074714
3.8874999999999997,0.331561,0.26768902,-0.59872,7.789114e-08,-0.7043873,0.44075027
3.8916666666666666,0.33155787,0.27641603,-0.6010312,7.88952e-08,-0.69334924,0.44075364
3.8958333333333335,0.3315545,0.28566882,-0.60342544,7.996831e-08,-0.6817022,0.44075716
3.9,0.33155096,0.29530096,-0.6058447,8.1100126e-08,-0.66965073,0.44076085
3.904166666666667,0.3315473,0.3051667,-0.60823095,8.2280344e-08,-0.65739876,0.44076452
3.908333333333333,0.3315436,0.3151185,-0.61052597,8.349849e-08,-0.645152,0.44076824
3.9125,0.33153987,0.3250105,-0.6126717,8.4744265e-08,-0.6331142,0.44077185
3.9166666666666665,0.33153626,0.33469695,-0.6146102,8.600739e-08,-0.6214893,0.44077536
3.9208333333333334,0.33153272,0.34403035,-0.61628306,8.727734e-08,-0.61048293,0.4407787
3.925,0.33152938,0.3533156,-0.61771274,8.8600885e-08,-0.59976804,0.440782
3.9291666666666667,0.3315261,0.3629338,-0.6189805,9.0022894e-08,-0.5888821,0.44078532
3.933333333333333,0.3315228,0.37274203,-0.62009954,9.151537e-08,-0.5779549,0.44078866
3.9375,0.33151945,0.3825945,-0.6210826,9.304998e-08,-0.56711936,0.44079196
3.9416666666666664,0.33151615,0.39234743,-0.62194276,9.4598626e-08,-0.55650634,0.44079518
3.9458333333333333,0.33151293,0.40185624,-0.62269306,9.613313e-08,-0.5462472,0.4407983
3.9499999999999997,0.33150977,0.4109771,-0.62334645,9.7625424e-08,-0.53647304,0.44080132
3.9541666666666666,0.3315068,0.4195643,-0.6239159,9.904714e-08,-0.52731633,0.44080412
3.9583333333333335,0.331504,0.42747414,-0.62441444,1.0037021e-07,-0.518908,0.4408067
3.9625,0.3315014,0.43456197,-0.624855,1.0156646e-07,-0.5113797,0.440809
3.966666666666667,0.3314991,0.44560507,-0.62551254,1.03432704e-07,-0.49967885,0.4408126
3.970833333333333,0.33149552,0.45322293,-0.6257726,1.04757426e-07,-0.49180093,0.44081503
3.975,0.33149308,0.45951992,-0.62562704,1.0599504e-07,-0.48564935,0.44081694
3.9791666666666665,0.33149114,0.46759123,-0.62513095,1.07768514e-07,-0.47807407,0.44081935
3.9833333333333334,0.33148873,0.4777982,-0.6244932,1.1007943e-07,-0.46850502,0.44082242
3.9875,0.3314857,0.48502266,-0.62404686,1.11702235e-07,-0.46172696,0.4408246
3.9916666666666667,0.3314835,0.49301416,-0.62353015,1.1349282e-07,-0.45425218,0.440827
3.995833333333333,0.3314811,0.5016304,-0.6229416,1.1543531e-07,-0.4462245,0.44082958
4.0,0.33147854,0.51072717,-0.6222796,1.1751339e-07,-0.43778968,0.44083232
4.004166666666666,0.3314758,0.52016443,-0.6215424,1.1971167e-07,-0.42908964,0.4408351
4.008333333333333,0.33147302,0.52979666,-0.6207286,1.2201353e-07,-0.42027116,0.44083798
4.0125,0.33147013,0.5394823,-0.6198366,1.2440324e-07,-0.41147757,0.44084087
4.016666666666667,0.33146727,0.54907864,-0.61886466,1.2686488e-07,-0.4028532,0.44084367
4.020833333333333,0.33146444,0.55844295,-0.6178112,1.2938237e-07,-0.39454237,0.4408464
4.025,0.3314617,0.5673454,-0.6166865,1.3191139e-07,-0.3867646,0.44084898
4.029166666666667,0.33145913,0.57636297,-0.61541766,1.3460152e-07,-0.37901577,0.44085157
4.033333333333333,0.33145654,0.5856963,-0.6139991,1.3748915e-07,-0.37110105,0.44085425
4.0375,0.33145386,0.5951914,-0.6124709,1.4051197e-07,-0.36313406,0.44085693
4.041666666666667,0.33145118,0.60469794,-0.61087286,1.4360873e-07,-0.35522562,0.44085965
4.045833333333333,0.33144844,0.61406416,-0.60924464,1.4671778e-07,-0.34748763,0.44086227
4.05,0.3314458,0.6231384,-0.60762626,1.497775e-07,-0.3400318,0.44086483
4.054166666666666,0.33144325,0.6317691,-0.60605747,1.5272632e-07,-0.3329699,0.44086725
4.058333333333334,0.33144078,0.63980454,-0.6045782,1.5550258e-07,-0.3264138,0.4408695
4.0625,0.33143854,0.64709306,-0.6032281,1.5804464e-07,-0.32047528,0.44087154
4.066666666666666,0.33143646,0.6547427,-0.60181475,1.6073348e-07,-0.31423897,0.44087377
4.070833333333333,0.3314343,0.6648207,-0.59992325,1.6427633e-07,-0.3060525,0.4408766
4.075,0.33143148,0.67101216,-0.5986196,1.6662223e-07,-0.30116472,0.44087833
4.079166666666667,0.33142972,0.6769211,-0.5971403,1.6928323e-07,-0.29673496,0.44087994
4.083333333333333,0.33142805,0.68615156,-0.5947221,1.7377144e-07,-0.28992274,0.4408825
4.0875,0.3314255,0.6932731,-0.59287506,1.7724135e-07,-0.28464827,0.44088447
4.091666666666667,0.33142358,0.7001,-0.5910902,1.805678e-07,-0.27960622,0.44088635
4.095833333333333,0.3314217,0.70760024,-0.5891127,1.8424319e-07,-0.27408352,0.4408884
4.1,0.33141965,0.715609,-0.586982,1.8820704e-07,-0.26820546,0.44089064
4.104166666666667,0.3314174,0.7239643,-0.58473676,1.924001e-07,-0.26209542,0.4408929
4.108333333333333,0.33141515,0.732503,-0.582416,1.9676268e-07,-0.2558774,0.44089523
4.1125,0.3314128,0.7410623,-0.5800587,2.0123515e-07,-0.24967542,0.44089758
4.116666666666666,0.33141044,0.7494792,-0.5777038,2.0575784e-07,-0.24361347,0.4408999
4.120833333333334,0.33140817,0.75759065,-0.57539034,2.102711e-07,-0.23781557,0.4409021
4.125,0.3314059,0.76523376,-0.57315713,2.1471527e-07,-0.23240568,0.4409042
4.129166666666666,0.33140385,0.7727653,-0.5708848,2.1934497e-07,-0.2271463,0.44090626
4.133333333333333,0.33140177,0.78044975,-0.5684901,2.2431603e-07,-0.22185658,0.44090834
4.1375,0.33139968,0.7881325,-0.5660326,2.2949284e-07,-0.21663137,0.44091043
4.141666666666667,0.3313976,0.7957206,-0.56355417,2.3477646e-07,-0.21152166,0.4409125
4.145833333333333,0.33139548,0.8031212,-0.5610967,2.4006792e-07,-0.2065785,0.44091448
4.15,0.3313935,0.8102414,-0.55870205,2.4526827e-07,-0.20185292,0.4409164
4.154166666666667,0.33139157,0.8169885,-0.5564119,2.5027848e-07,-0.19739595,0.44091824
4.158333333333333,0.33138973,0.82327014,-0.55426806,2.5500015e-07,-0.19325815,0.4409199
4.1625,0.331388,0.8289921,-0.5523128,2.5933323e-07,-0.18949151,0.4409215
4.166666666666667,0.33138648,0.83494574,-0.5502873,2.638488e-07,-0.18556334,0.44092306
4.170833333333333,0.33138487,0.84255856,-0.5476822,2.696655e-07,-0.18055564,0.44092512
4.175,0.3313828,0.84734094,-0.54597265,2.7362506e-07,-0.1774828,0.4409264
4.179166666666666,0.3313815,0.8517719,-0.5442772,2.7789102e-07,-0.17474729,0.44092757
4.183333333333334,0.3313803,0.8583304,-0.5417143,2.8462682e-07,-0.17075163,0.44092932
4.1875,0.33137852,0.863363,-0.5397549,2.8980085e-07,-0.16767848,0.44093072
4.191666666666666,0.33137718,0.8681837,-0.5378686,2.9478525e-07,-0.16474414,0.440932
4.195833333333333,0.3313759,0.8734479,-0.53579915,3.0027374e-07,-0.16154942,0.44093344
4.2,0.33137447,0.8790398,-0.5335904,3.0616593e-07,-0.15816623,0.44093493
4.204166666666667,0.33137295,0.8848427,-0.53128695,3.1236084e-07,-0.15466686,0.44093648
4.208333333333333,0.3313714,0.89073974,-0.52893305,3.1875757e-07,-0.15112358,0.44093806
4.2125,0.3313698,0.8966146,-0.5265732,3.2525523e-07,-0.14760864,0.44093964
4.216666666666667,0.3313682,0.90235037,-0.5242517,3.3175286e-07,-0.14419433,0.44094115
4.220833333333333,0.33136666,0.9078312,-0.52201265,3.3815022e-07,-0.14095256,0.44094262
4.225,0.33136517,0.91293913,-0.5199009,3.4434495e-07,-0.13795632,0.44094402
4.229166666666667,0.33136383,0.9178447,-0.51784,3.505843e-07,-0.13511164,0.44094533
4.233333333333333,0.33136252,0.9227614,-0.5157423,3.5710707e-07,-0.13229273,0.44094664
4.2375,0.3313612,0.92763746,-0.5136354,3.638014e-07,-0.12952352,0.44094798
4.241666666666666,0.33135986,0.93242174,-0.5115467,3.705553e-07,-0.12682801,0.44094926
4.245833333333334,0.33135858,0.9370627,-0.5095036,3.7725684e-07,-0.12423013,0.44095048
4.25,0.33135733,0.9415087,-0.50753385,3.8379406e-07,-0.12175385,0.4409517
4.254166666666666,0.33135614,0.94570893,-0.50566465,3.9005565e-07,-0.11942285,0.44095287
4.258333333333333,0.331355,0.9496109,-0.5039239,3.9592825e-07,-0.11726165,0.4409539
4.2625,0.33135396,0.9531636,-0.50233895,4.0130067e-07,-0.115293905,0.44095486
4.266666666666667,0.331353,0.9568381,-0.50070506,4.0684975e-07,-0.113253266,0.4409558
4.270833333333333,0.331352,0.96152425,-0.4986146,4.1400293e-07,-0.11065751,0.44095704
4.275,0.33135074,0.9644672,-0.49727386,4.1881174e-07,-0.10905529,0.44095784
4.279166666666667,0.33134994,0.9669512,-0.49610242,4.234041e-07,-0.10774277,0.44095847
4.283333333333333,0.33134928,0.97026086,-0.4945196,4.2990897e-07,-0.10601585,0.44095936
4.2875,0.3313484,0.9734839,-0.4929837,4.3623132e-07,-0.104328796,0.44096026
4.291666666666667,0.3313475,0.976026,-0.49176875,4.412721e-07,-0.1030017,0.44096094
4.295833333333333,0.3313468,0.9788143,-0.4904319,4.4686115e-07,-0.101550214,0.44096163
4.3,0.33134606,0.9817859,-0.48900345,4.5287373e-07,-0.10000711,0.44096246
4.304166666666666,0.33134526,0.9848775,-0.4875138,4.5918515e-07,-0.098405145,0.4409633
4.308333333333334,0.33134446,0.98802614,-0.48599318,4.6567067e-07,-0.09677712,0.44096413
4.3125,0.3313436,0.9911687,-0.484472,4.7220553e-07,-0.0951558,0.44096494
4.316666666666666,0.33134273,0.9942423,-0.48298037,4.7866575e-07,-0.09357379,0.44096574
4.320833333333333,0.3313419,0.9971832,-0.48154896,4.849252e-07,-0.09206423,0.44096652
4.325,0.33134112,0.9999287,-0.480208,4.9085975e-07,-0.09065971,0.44096726
4.329166666666667,0.33134034,1.0024228,-0.4789842,4.963606e-07,-0.089389406,0.44096798
4.333333333333333,0.33133972,1.0048937,-0.47776288,5.0197974e-07,-0.088140085,0.44096866
4.3375,0.33133903,1.0072659,-0.47658023,5.0755483e-07,-0.086950265,0.44096926
4.341666666666667,0.3313384,1.0095341,-0.47544116,5.1303863e-07,-0.0858211,0.44096988
4.345833333333333,0.3313378,1.0116924,-0.4743504,5.1838447e-07,-0.084753625,0.44097042
4.35,0.33133724,1.013734,-0.47331312,5.2354363e-07,-0.083749235,0.44097102
4.354166666666667,0.33133665,1.0156535,-0.47233403,5.284695e-07,-0.08280895,0.44097152
4.358333333333333,0.33133614,1.0174445,-0.471418,5.331148e-07,-0.08193392,0.440972
4.3625,0.33133563,1.0191013,-0.4705699,5.374322e-07,-0.08112532,0.44097248
4.366666666666666,0.33133525,1.0206175,-0.46979466,5.4137433e-07,-0.08038426,0.44097286
4.370833333333334,0.33133483,1.0222446,-0.46896613,5.455545e-07,-0.07958566,0.44097328
4.375,0.33133435,1.0242177,-0.46795982,5.506697e-07,-0.07861893,0.4409738
4.379166666666666,0.33133382,1.0254673,-0.46731615,5.540577e-07,-0.07801301,0.44097415
4.383333333333333,0.3313335,1.026421,-0.4668177,5.5683023e-07,-0.077557765,0.44097438
4.3875,0.33133322,1.0275068,-0.46624672,5.601003e-07,-0.07704286,0.44097465
4.391666666666667,0.33133295,1.0287329,-0.46560445,5.6375285e-07,-0.07645905,0.440975
4.395833333333333,0.3313326,1.0296276,-0.46513557,5.6643165e-07,-0.07603331,0.44097525
4.4,0.33133236,1.0305936,-0.46462834,5.6935227e-07,-0.075574495,0.44097555
4.404166666666667,0.33133206,1.0316099,-0.46409392,5.724489e-07,-0.0750926,0.4409758
4.408333333333333,0.33133182,1.0326554,-0.46354344,5.7565614e-07,-0.074597515,0.44097605
4.4125,0.33133152,1.0337089,-0.46298823,5.789072e-07,-0.07409934,0.44097635
4.416666666666667,0.33133125,1.0347493,-0.46243936,5.821368e-07,-0.073607974,0.44097665
4.420833333333333,0.33133096,1.0357552,-0.461908,5.8527905e-07,-0.07313341,0.44097692
4.425,0.3313307,1.0367055,-0.46140537,5.882681e-07,-0.072685584,0.44097716
4.429166666666666,0.33133045,1.0375794,-0.46094263,5.910381e-07,-0.072274506,0.44097745
4.433333333333334,0.33133024,1.0383484,-0.46053457,5.935012e-07,-0.07191346,0.44097757
4.4375,0.33133,1.0390402,-0.46016634,5.957579e-07,-0.071589895,0.44097778
4.441666666666666,0.3313298,1.0396944,-0.45981693,5.9793246e-07,-0.07128513,0.44097793
4.445833333333333,0.33132964,1.0403109,-0.4594866,6.000168e-07,-0.070998944,0.4409781
4.45,0.33132946,1.04089,-0.4591754,6.020038e-07,-0.07073102,0.44097826
4.454166666666667,0.33132932,1.0414317,-0.4588836,6.0388606e-07,-0.07048107,0.4409784
4.458333333333333,0.33132917,1.0419362,-0.45861134,6.0565617e-07,-0.0702488,0.44097853
4.4625,0.33132905,1.0424036,-0.45835882,6.0730673e-07,-0.07003394,0.44097865
4.466666666666667,0.3313289,1.042834,-0.45812613,6.0883025e-07,-0.06983619,0.44097877
4.470833333333333,0.3313288,1.0432276,-0.45791355,6.1021944e-07,-0.06965526,0.44097885
4.475,0.3313287,1.0435842,-0.45772117,6.1146676e-07,-0.0694909,0.44097894
4.479166666666667,0.33132863,1.0440913,-0.45744824,6.132244e-07,-0.06925683,0.44097912
